tournament_slug,surface
/abidjan-2-challenger/2026/atp-men/,Hard
/abidjan-challenger/2026/atp-men/,Hard
/aix-en-provence-challenger/2026/atp-men/,Clay
/aix-les-bains-itf/2026/wta-women/,Clay
/aldershot-2-itf/2026/wta-women/,Hard
/aldershot-itf/2026/wta-women/,Hard
/alicante-challenger/2026/atp-men/,Clay
/alkmaar-itf/2026/wta-women/,Clay
/amstelveen-itf/2026/wta-women/,Clay
/amstetten-itf/2026/wta-women/,Clay
/andong-itf/2026/wta-women/,Hard
/ankara/2026/wta-women/,Hard
/anning-itf/2026/wta-women/,Clay
/antalya-5-wta/2026/wta-women/,Clay
/aschaffenburg-itf/2026/wta-women/,Clay
/astana-10-itf/2026/wta-women/,Hard
/astana-14-itf/2026/wta-women/,Hard
/astana-15-itf/2026/wta-women/,Hard
/astana-4-challenger/2026/atp-men/,Hard
/astana-7-itf/2026/wta-women/,Hard
/astana-8-itf/2026/wta-women/,Hard
/asuncion-2-challenger/2026/atp-men/,Clay
/asuncion-itf/2026/wta-women/,Clay
/athens-wta/2026/wta-women/,Hard
/augsburg-challenger/2026/atp-men/,Clay
/austrian-bundesliga/2026/atp-men/,Clay
/austrian-bundesliga/2026/wta-women/,Clay
/bad-homburg-wta/2026/wta-women/,Grass
/badalona-itf/2026/wta-women/,Clay
/bangalore-2-challenger/2026/atp-men/,Hard
/bangalore-3-challenger/2026/atp-men/,Hard
/banja-luka-itf/2026/wta-women/,Clay
/baotou-itf/2026/wta-women/,Clay
/barcelona/2026/atp-men/,Clay
/barletta-challenger/2026/atp-men/,Clay
/barranquilla/2026/wta-women/,Hard
/barueri-itf/2026/wta-women/,Hard
/bastad-itf/2026/wta-women/,Clay
/bastad-wta/2026/wta-women/,Clay
/bastad/2026/atp-men/,Clay
/belem-itf/2026/wta-women/,Hard
/belgrade-itf/2026/wta-women/,Clay
/berkeley-itf/2026/wta-women/,Hard
/berlin/2026/wta-women/,Grass
/bethany-beach-itf/2026/wta-women/,Clay
/biella-challenger/2026/atp-men/,Clay
/bielsko-biala-itf/2026/wta-women/,Clay
/billie-jean-king-cup/2026/wta-women/,
/birmingham-challenger/2026/atp-men/,Grass
/birmingham/2026/wta-women/,Grass
/bistrita-itf/2026/wta-women/,Clay
/blois-itf/2026/wta-women/,Clay
/bloomfield-hills-challenger/2026/atp-men/,Hard
/boca-raton-3-itf/2026/wta-women/,Clay
/boca-raton-6-itf/2026/wta-women/,Clay
/boca-raton-itf/2026/wta-women/,Clay
/bogota-5-challenger/2026/atp-men/,Clay
/bogota-wta/2026/wta-women/,Clay
/bol-2-itf/2026/wta-women/,Clay
/bol-3-itf/2026/wta-women/,Clay
/bolszewo-itf/2026/wta-women/,Clay
/bonita-2-springs-itf/2026/wta-women/,Clay
/bonita-springs-itf/2026/wta-women/,Clay
/bonn-challenger/2026/atp-men/,Clay
/boodles-tennis-challenge/2026/atp-men/,Grass
/boodles-tennis-challenge/2026/wta-women/,Grass
/bordeaux-challenger/2026/atp-men/,Clay
/brasilia-itf/2026/wta-women/,Hard
/brasov-2-itf/2026/wta-women/,Clay
/brasov-3-itf/2026/wta-women/,Clay
/brasov-challenger/2026/atp-men/,Clay
/bratislava-2-challenger/2026/atp-men/,Clay
/braunschweig-challenger/2026/atp-men/,Clay
/brazzaville-challenger/2026/atp-men/,
/brescia/2026/wta-women/,Clay
/brisbane-6-itf/2026/wta-women/,Hard
/brisbane-7-itf/2026/wta-women/,Hard
/brisbane-8-itf/2026/wta-women/,Hard
/brownsburg-challenger/2026/atp-men/,Hard
/bucaramanga-challenger/2026/atp-men/,Clay
/bucharest-2-itf/2026/wta-women/,Clay
/bucharest-4-itf/2026/wta-women/,Clay
/bucharest-6-itf/2026/wta-women/,Clay
/bucharest/2026/atp-men/,Clay
/buenos-aires-challenger/2026/atp-men/,Clay
/bujumbura-2-itf/2026/wta-women/,Clay
/bujumbura-itf/2026/wta-women/,Clay
/bundesliga-men/2026/atp-men/,Clay
/bundesliga-women/2026/wta-women/,Clay
/bunschoten-challenger/2026/atp-men/,Clay
/busan-challenger/2026/atp-men/,Hard
/buzau-itf/2026/wta-women/,Clay
/bydgoszcz-itf/2026/wta-women/,Clay
/bytom-itf/2026/wta-women/,Clay
/cagliari-challenger/2026/atp-men/,Clay
/caldas-da-rainha/2026/wta-women/,Hard
/calvi-itf/2026/wta-women/,Hard
/campinas-challenger/2026/atp-men/,Clay
/campos-do-jordao-2-itf/2026/wta-women/,Hard
/campos-do-jordao-itf/2026/wta-women/,Hard
/campulung-itf/2026/wta-women/,Clay
/cancun-challenger/2026/atp-men/,Hard
/cap-d-agde-itf/2026/wta-women/,Clay
/cary-challenger/2026/atp-men/,Hard
/cary-itf/2026/wta-women/,Hard
/casablanca-2-itf/2026/wta-women/,Clay
/casablanca-itf/2026/wta-women/,Clay
/caserta-itf/2026/wta-women/,Clay
/cassis-challenger/2026/atp-men/,Hard
/cattolica-challenger/2026/atp-men/,Clay
/centurion-2-challenger/2026/atp-men/,Hard
/centurion-challenger/2026/atp-men/,Hard
/cervia-challenger/2026/atp-men/,Clay
/ceska-lipa-itf/2026/wta-women/,Clay
/ch-sambhaji-nagar-itf/2026/wta-women/,Clay
/chacabuco-itf/2026/wta-women/,Clay
/changwon-2-itf/2026/wta-women/,Hard
/changwon-itf/2026/wta-women/,Hard
/charleston/2026/wta-women/,Clay
/charlotte-itf/2026/wta-women/,Clay
/charlottesville-itf/2026/wta-women/,Clay
/chiasso-itf/2026/wta-women/,Clay
/chisinau-challenger/2026/atp-men/,Clay
/cincinnati-wta/2026/wta-women/,Hard
/cincinnati/2026/atp-men/,Hard
/claremont-itf/2026/wta-women/,Hard
/cluj-napoca-itf/2026/wta-women/,Clay
/columbus-itf/2026/wta-women/,Indoors
/como-challenger/2026/atp-men/,Clay
/constanta-itf/2026/wta-women/,Clay
/contrexeville-wta/2026/wta-women/,Clay
/cordenons-2-itf/2026/wta-women/,Clay
/cordenons-challenger/2026/atp-men/,Clay
/cordoba-challenger/2026/atp-men/,Clay
/corroios-seixal-itf/2026/wta-women/,Hard
/croissy-beaubourg-itf/2026/wta-women/,Indoors
/cuiaba-itf/2026/wta-women/,Clay
/dallas-2-itf/2026/wta-women/,Indoors
/darmstadt-itf/2026/wta-women/,Clay
/davis-cup/2026/atp-men/,
/decatur-itf/2026/wta-women/,Hard
/dijon-2-itf/2026/wta-women/,Clay
/dinard-itf/2026/wta-women/,Clay
/don-benito-itf/2026/wta-women/,Hard
/dublin-challenger/2026/atp-men/,Grass
/dublin-itf/2026/wta-women/,Hard
/dubrovnik/2026/wta-women/,Clay
/eastbourne/2026/atp-men/,Grass
/eastbourne/2026/wta-women/,Grass
/elvas-itf/2026/wta-women/,Hard
/erwitte-itf/2026/wta-women/,Clay
/estepona-itf/2026/wta-women/,Hard
/estoril/2026/atp-men/,Clay
/evansville-itf/2026/wta-women/,Hard
/evora-itf/2026/wta-women/,Hard
/fiano-romano-itf/2026/wta-women/,Clay
/figueira-da-foz/2026/wta-women/,Hard
/florence-usa-itf/2026/wta-women/,Hard
/focsani-itf/2026/wta-women/,Clay
/foggia/2026/wta-women/,Clay
/francavilla-challenger/2026/atp-men/,Clay
/french-open/2026/atp-men/,Clay
/french-open/2026/wta-women/,Clay
/fukui-itf/2026/wta-women/,Hard
/fukuoka-itf/2026/wta-women/,Hard
/gaborone-2-itf/2026/wta-women/,Hard
/gaborone-itf/2026/wta-women/,Hard
/galati-itf/2026/wta-women/,Clay
/gdansk-itf/2026/wta-women/,Clay
/geneva/2026/atp-men/,Clay
/genoa-2-challenger/2026/atp-men/,Clay
/genoa-challenger/2026/atp-men/,Clay
/gentofte-itf/2026/wta-women/,Clay
/getxo-itf/2026/wta-women/,Clay
/gifu-itf/2026/wta-women/,Hard
/goyang-itf/2026/wta-women/,Hard
/grado-itf/2026/wta-women/,Clay
/gran-canaria-itf/2026/wta-women/,Clay
/granby-challenger/2026/atp-men/,Hard
/granby-itf/2026/wta-women/,Hard
/grodzisk-mazowiecki-challenger/2026/atp-men/,Hard
/grodzisk-mazowiecki-itf/2026/wta-women/,Hard
/gstaad/2026/atp-men/,Clay
/guadalajara-2-wta/2026/wta-women/,Hard
/guangzhou-2-challenger/2026/atp-men/,Hard
/guimaraes-itf/2026/wta-women/,Hard
/guiyang-itf/2026/wta-women/,Hard
/gwangju-challenger/2026/atp-men/,Hard
/haag-2-itf/2026/wta-women/,Clay
/hagen-challenger/2026/atp-men/,Clay
/halle/2026/atp-men/,Grass
/hamburg-4-itf/2026/wta-women/,Clay
/hamburg-challenger/2026/atp-men/,Clay
/hamburg-wta/2026/wta-women/,Clay
/hamburg/2026/atp-men/,Clay
/hameenlinna-itf/2026/wta-women/,Clay
/haren-itf/2026/wta-women/,Clay
/haskovo-itf/2026/wta-women/,Clay
/hechingen-itf/2026/wta-women/,Clay
/heilbronn-challenger/2026/atp-men/,Clay
/hertogenbosch/2026/atp-men/,Grass
/hertogenbosch/2026/wta-women/,Grass
/hillcrest-2-itf/2026/wta-women/,Hard
/hillcrest-3-itf/2026/wta-women/,Hard
/hillcrest-itf/2026/wta-women/,Hard
/horb-itf/2026/wta-women/,Clay
/houston/2026/atp-men/,Clay
/huamantla-3-itf/2026/wta-women/,Hard
/huamantla-4-itf/2026/wta-women/,Hard
/hurghada-10-itf/2026/wta-women/,Hard
/hurghada-11-itf/2026/wta-women/,Hard
/hurghada-3-itf/2026/wta-women/,Hard
/hurghada-4-itf/2026/wta-women/,Hard
/hurghada-5-itf/2026/wta-women/,Hard
/hurghada-6-itf/2026/wta-women/,Hard
/hurghada-7-itf/2026/wta-women/,Grass
/hurghada-8-itf/2026/wta-women/,Hard
/hurghada-9-itf/2026/wta-women/,Hard
/hurlingham-exhibition/2026/atp-men/,Grass
/huzhou/2026/wta-women/,Clay
/iasi-challenger/2026/atp-men/,Clay
/iasi-wta/2026/wta-women/,Clay
/ilkley-challenger/2026/atp-men/,Grass
/ilkley-wta/2026/wta-women/,Grass
/indian-harbour-beach-itf/2026/wta-women/,Clay
/irvine-itf/2026/wta-women/,Hard
/istanbul-10-itf/2026/wta-women/,Hard
/istanbul-2-wta/2026/wta-women/,Clay
/istanbul-4-challenger/2026/atp-men/,Clay
/istanbul-5-challenger/2026/atp-men/,Hard
/istanbul-challenger/2026/atp-men/,Hard
/jackson-itf/2026/wta-women/,Clay
/jiujiang-2/2026/wta-women/,Hard
/jiujiang-challenger/2026/atp-men/,Hard
/junin-2-itf/2026/wta-women/,Clay
/junin-itf/2026/wta-women/,Clay
/kalmar-itf/2026/wta-women/,Clay
/kamen-itf/2026/wta-women/,Clay
/kayseri-2-itf/2026/wta-women/,Hard
/kayseri-3-itf/2026/wta-women/,Hard
/kayseri-4-itf/2026/wta-women/,Hard
/kayseri-5-itf/2026/wta-women/,Hard
/kayseri-6-itf/2026/wta-women/,Hard
/kayseri-7-itf/2026/wta-women/,Hard
/kayseri-itf/2026/wta-women/,Hard
/kingston-2-challenger/2026/atp-men/,Hard
/kingston-challenger/2026/atp-men/,Hard
/kitzbuehel-wta/2026/wta-women/,Clay
/kitzbuhel/2026/atp-men/,Clay
/klagenfurt-itf/2026/wta-women/,Clay
/klosters-itf/2026/wta-women/,Clay
/knokke-itf/2026/wta-women/,Clay
/koksijde-itf/2026/wta-women/,Clay
/kosice-challenger/2026/atp-men/,Clay
/kosice-itf/2026/wta-women/,Clay
/krakow-itf/2026/wta-women/,Clay
/krsko-itf/2026/wta-women/,Clay
/kursumlijska-banja-10-itf/2026/wta-women/,Clay
/kursumlijska-banja-11-itf/2026/wta-women/,Clay
/kursumlijska-banja-12-itf/2026/wta-women/,Clay
/kursumlijska-banja-13-itf/2026/wta-women/,Clay
/kursumlijska-banja-14-itf/2026/wta-women/,Clay
/kursumlijska-banja-15-itf/2026/wta-women/,Clay
/kursumlijska-banja-16-itf/2026/wta-women/,Clay
/kursumlijska-banja-17-itf/2026/wta-women/,Clay
/kursumlijska-banja-2-itf/2026/wta-women/,Clay
/kursumlijska-banja-3-itf/2026/wta-women/,Clay
/kursumlijska-banja-4-itf/2026/wta-women/,Clay
/kursumlijska-banja-5-itf/2026/wta-women/,Clay
/kursumlijska-banja-6-itf/2026/wta-women/,Clay
/kursumlijska-banja-7-itf/2026/wta-women/,Clay
/kursumlijska-banja-8-itf/2026/wta-women/,Clay
/kursumlijska-banja-9-itf/2026/wta-women/,Clay
/kursumlijska-banja-itf/2026/wta-women/,Clay
/kurume-itf/2026/wta-women/,Hard
/kyoto-itf/2026/wta-women/,Indoors
/la-bisbal/2026/wta-women/,Clay
/lakewood-2-itf/2026/wta-women/,Hard
/lakewood-itf/2026/wta-women/,Hard
/landisville-2-itf/2026/wta-women/,Hard
/le-neubourg-itf/2026/wta-women/,Hard
/leipzig-itf/2026/wta-women/,Clay
/leiria-itf/2026/wta-women/,Hard
/lexington-challenger/2026/atp-men/,Hard
/lexington-itf/2026/wta-women/,Hard
/liberec-challenger/2026/atp-men/,Clay
/liege-challenger/2026/atp-men/,Clay
/lincoln-challenger/2026/atp-men/,Hard
/linz/2026/wta-women/,Clay
/little-rock-challenger/2026/atp-men/,Hard
/livesport-prague-open/2026/wta-women/,Hard
/ljubljana-wta/2026/wta-women/,Clay
/logrono-itf/2026/wta-women/,Hard
/lopota-2-itf/2026/wta-women/,Hard
/lopota-itf/2026/wta-women/,Hard
/los-cabos/2026/atp-men/,Hard
/luan-10-itf/2026/wta-women/,Hard
/luan-11-itf/2026/wta-women/,Hard
/luan-12-itf/2026/wta-women/,Hard
/luan-2-itf/2026/wta-women/,Hard
/luan-4-itf/2026/wta-women/,Hard
/luan-itf/2026/wta-women/,Hard
/lujan-itf/2026/wta-women/,Clay
/luque-itf/2026/wta-women/,Clay
/luzhou-itf/2026/wta-women/,Hard
/lyon-challenger/2026/atp-men/,Clay
/maanshan-10-itf/2026/wta-women/,Hard
/maanshan-4-itf/2026/wta-women/,Indoors
/maanshan-5-itf/2026/wta-women/,Indoors
/maanshan-6-itf/2026/wta-women/,Indoors
/madrid-19-itf/2026/wta-women/,Clay
/madrid-2-itf/2026/wta-women/,Clay
/madrid-20-itf/2026/wta-women/,Hard
/madrid-challenger/2026/atp-men/,Clay
/madrid-wta/2026/wta-women/,Clay
/madrid/2026/atp-men/,Clay
/makarska/2026/wta-women/,Clay
/mallorca-challenger/2026/atp-men/,Hard
/mallorca/2026/atp-men/,Grass
/marrakech/2026/atp-men/,Clay
/maspalomas-itf/2026/wta-women/,Clay
/mauthausen-challenger/2026/atp-men/,Clay
/mbombela-2-itf/2026/wta-women/,Hard
/mbombela-itf/2026/wta-women/,Hard
/memphis/2026/wta-women/,Hard
/menorca-challenger/2026/atp-men/,Clay
/merzig-itf/2026/wta-women/,Clay
/mexico-city-challenger/2026/atp-men/,Clay
/miami/2026/atp-men/,Hard
/miami/2026/wta-women/,Hard
/milan-challenger/2026/atp-men/,Clay
/miyazaki-2-itf/2026/wta-women/,Hard
/miyazaki-challenger/2026/atp-men/,Hard
/miyazaki-itf/2026/wta-women/,Hard
/modena/2026/wta-women/,Clay
/mogyorod-itf/2026/wta-women/,Clay
/mohammedia-itf/2026/wta-women/,Clay
/monastir-28-itf/2026/wta-women/,Hard
/monastir-29-itf/2026/wta-women/,Hard
/monastir-30-itf/2026/wta-women/,Hard
/monastir-31-itf/2026/wta-women/,Hard
/monastir-32-itf/2026/wta-women/,Hard
/monastir-33-itf/2026/wta-women/,Hard
/monastir-34-itf/2026/wta-women/,Hard
/monastir-35-itf/2026/wta-women/,Hard
/monastir-36-itf/2026/wta-women/,Hard
/monastir-37-itf/2026/wta-women/,Hard
/monastir-38-itf/2026/wta-women/,Hard
/monastir-39-itf/2026/wta-women/,Hard
/monastir-40-itf/2026/wta-women/,Hard
/monastir-41-itf/2026/wta-women/,Hard
/monastir-42-itf/2026/wta-women/,Hard
/monastir-43-itf/2026/wta-women/,Hard
/monastir-44-itf/2026/wta-women/,Hard
/monastir-47-itf/2026/wta-women/,Hard
/monastir-48-itf/2026/wta-women/,Hard
/monastir-49-itf/2026/wta-women/,Hard
/monastir-50-itf/2026/wta-women/,Hard
/monastir-51-itf/2026/wta-women/,Hard
/monte-carlo/2026/atp-men/,Clay
/montemor-o-novo-itf/2026/wta-women/,Hard
/monterrey/2026/wta-women/,Hard
/montreal/2026/atp-men/,Hard
/montreux-wta/2026/wta-women/,Clay
/monza-challenger/2026/atp-men/,Clay
/monzon-itf/2026/wta-women/,Hard
/morelia-challenger/2026/atp-men/,Hard
/munich/2026/atp-men/,Clay
/murska-sobota-itf/2026/wta-women/,Indoors
/nagpur-itf/2026/wta-women/,Clay
/nakhon-pathom-2-itf/2026/wta-women/,Hard
/nakhon-pathom-3-itf/2026/wta-women/,Hard
/nakhon-pathom-itf/2026/wta-women/,Hard
/nanao-itf/2026/wta-women/,Hard
/nantes-itf/2026/wta-women/,Indoors
/neapol-challenger/2026/atp-men/,Clay
/new-delhi-itf/2026/wta-women/,Hard
/newport-beach-wta/2026/wta-women/,Grass
/newport-challenger/2026/atp-men/,Grass
/nice-itf/2026/wta-women/,Clay
/nogent-sur-marne-itf/2026/wta-women/,Clay
/nottingham-3-challenger/2026/atp-men/,Grass
/nottingham-3-itf/2026/wta-women/,Hard
/nottingham-6-itf/2026/wta-women/,Hard
/nottingham-7-itf/2026/wta-women/,Hard
/nottingham-challenger/2026/atp-men/,Grass
/nottingham/2026/wta-women/,Grass
/oegstgeest-itf/2026/wta-women/,Clay
/oeiras-2-challenger/2026/atp-men/,Clay
/oeiras-3-itf/2026/wta-women/,Clay
/oeiras-challenger/2026/atp-men/,Clay
/oeiras-wta/2026/wta-women/,Clay
/oldenzaal-itf/2026/wta-women/,Clay
/oliva-itf/2026/wta-women/,Clay
/olomouc-itf/2026/wta-women/,Clay
/ontinyent-itf/2026/wta-women/,Clay
/orlando-2-itf/2026/wta-women/,Clay
/orlando-5-itf/2026/wta-women/,Clay
/osaka-itf/2026/wta-women/,Hard
/osijek-itf/2026/wta-women/,Clay
/ostrava-challenger/2026/atp-men/,Clay
/ourense-itf/2026/wta-women/,Hard
/palermo/2026/wta-women/,Clay
/palma-del-rio-itf/2026/wta-women/,Hard
/panipat-itf/2026/wta-women/,Hard
/paris-wta/2026/wta-women/,Clay
/parma-3-challenger/2026/atp-men/,Clay
/parma/2026/wta-women/,Clay
/pazardzhik-itf/2026/wta-women/,Clay
/pecs-itf/2026/wta-women/,Clay
/pelham-itf/2026/wta-women/,Clay
/pergamino-itf/2026/wta-women/,Clay
/perugia-challenger/2026/atp-men/,Clay
/phan-thiet-3-challenger/2026/atp-men/,Hard
/phan-thiet-4-challenger/2026/atp-men/,Hard
/philadelphia-wta/2026/wta-women/,Hard
/pilar-itf/2026/wta-women/,Clay
/piracicaba-challenger/2026/atp-men/,Clay
/platja-d-aro-itf/2026/wta-women/,Clay
/plovdiv-2-challenger/2026/atp-men/,Clay
/plovdiv-3-challenger/2026/atp-men/,Clay
/plovdiv-4-challenger/2026/atp-men/,Clay
/plovdiv-challenger/2026/atp-men/,Clay
/plovdiv-itf/2026/wta-women/,Clay
/porto-2-challenger/2026/atp-men/,Clay
/porto-velho-itf/2026/wta-women/,Hard
/porto-wta/2026/wta-women/,Hard
/portoroz-2-itf/2026/wta-women/,Clay
/portoroz-itf/2026/wta-women/,Clay
/poznan-challenger/2026/atp-men/,Clay
/pozoblanco-challenger/2026/atp-men/,Hard
/prague-2-challenger/2026/atp-men/,Clay
/prague-4-itf/2026/wta-women/,Clay
/pretoria-6-itf/2026/wta-women/,Hard
/pretoria-itf/2026/wta-women/,Hard
/prostejov-challenger/2026/atp-men/,Clay
/quebec-city-challenger/2026/atp-men/,Hard
/queen-s-club/2026/atp-men/,Grass
/queen-s-club/2026/wta-women/,Grass
/quito-challenger/2026/atp-men/,Clay
/rabat/2026/wta-women/,Clay
/radom-itf/2026/wta-women/,Clay
/rancho-santa-fe-itf/2026/wta-women/,Hard
/reichstett-itf/2026/wta-women/,Clay
/rennes-challenger/2026/atp-men/,Indoors
/reus-itf/2026/wta-women/,Clay
/rio-claro-itf/2026/wta-women/,Clay
/roehampton-2-challenger/2026/atp-men/,Hard
/roehampton-2-itf/2026/wta-women/,Hard
/roehampton-challenger/2026/atp-men/,Hard
/roehampton-itf/2026/wta-women/,Hard
/rogaska-slatina-itf/2026/wta-women/,Clay
/rolling-hills-estates-itf/2026/wta-women/,Hard
/rome-2-challenger/2026/atp-men/,Clay
/rome-2-wta/2026/wta-women/,Clay
/rome-itf/2026/wta-women/,Hard
/rome-wta/2026/wta-women/,Clay
/rome/2026/atp-men/,Clay
/rouen-wta/2026/wta-women/,Clay
/royan-challenger/2026/atp-men/,Clay
/saint-gaudens-itf/2026/wta-women/,Clay
/saint-malo-wta/2026/wta-women/,Clay
/saint-palais-sur-mer-itf/2026/wta-women/,Clay
/samsun-challenger/2026/atp-men/,Hard
/san-diego-2-challenger/2026/atp-men/,Hard
/san-diego-itf/2026/wta-women/,Hard
/san-gregorio-2-itf/2026/wta-women/,Clay
/san-gregorio-3-itf/2026/wta-women/,Clay
/san-gregorio-4-itf/2026/wta-women/,Clay
/san-luis-potosi-chall/2026/atp-men/,Clay
/san-marino-challenger/2026/atp-men/,Clay
/san-miguel-de-tucuman-challenger/2026/atp-men/,Clay
/santa-cruz-challenger/2026/atp-men/,Clay
/santa-fe-2-itf/2026/wta-women/,Hard
/santa-margherita-di-pula-11-itf/2026/wta-women/,Clay
/santa-margherita-di-pula-12-itf/2026/wta-women/,Clay
/santa-margherita-di-pula-2-itf/2026/wta-women/,Clay
/santa-margherita-di-pula-3-itf/2026/wta-women/,Clay
/santa-margherita-di-pula-4-itf/2026/wta-women/,Clay
/santa-margherita-di-pula-5-itf/2026/wta-women/,Clay
/santa-margherita-di-pula-6-itf/2026/wta-women/,Clay
/santa-margherita-di-pula-itf/2026/wta-women/,Clay
/santiago-7-itf/2026/wta-women/,Clay
/santos-challenger/2026/atp-men/,Clay
/sao-leopoldo-challenger/2026/atp-men/,Clay
/sao-luis-do-maranhao-itf/2026/wta-women/,Clay
/sao-paulo-2-challenger/2026/atp-men/,Clay
/sao-paulo-4-itf/2026/wta-women/,Clay
/sao-paulo-wta/2026/wta-women/,Hard
/sapporo-2-itf/2026/wta-women/,Hard
/sapporo-itf/2026/wta-women/,Hard
/sarasota-challenger/2026/atp-men/,Clay
/saskatoon-itf/2026/wta-women/,Hard
/savannah-challenger/2026/atp-men/,Clay
/savitaipale-itf/2026/wta-women/,Clay
/segovia-challenger/2026/atp-men/,Hard
/seoul-wta/2026/wta-women/,Hard
/sevilla-challenger/2026/atp-men/,Clay
/shanghai-challenger/2026/atp-men/,Hard
/sharm-el-sheikh-10-itf/2026/wta-women/,Hard
/sharm-el-sheikh-11-itf/2026/wta-women/,Hard
/sharm-el-sheikh-12-itf/2026/wta-women/,Hard
/sharm-el-sheikh-13-itf/2026/wta-women/,Hard
/sharm-el-sheikh-14-itf/2026/wta-women/,Hard
/sharm-el-sheikh-9-itf/2026/wta-women/,Hard
/shenyang-itf/2026/wta-women/,Indoors
/shymkent-2-challenger/2026/atp-men/,Clay
/shymkent-challenger/2026/atp-men/,Clay
/singapore-6-itf/2026/wta-women/,Indoors
/singapore-7-itf/2026/wta-women/,Indoors
/singapore-wta/2026/wta-women/,Indoors
/sion-challenger/2026/atp-men/,Clay
/southaven-itf/2026/wta-women/,Hard
/split-challenger/2026/atp-men/,Clay
/st-tropez-challenger/2026/atp-men/,Hard
/strasbourg/2026/wta-women/,Clay
/stuttgart/2026/atp-men/,Grass
/stuttgart/2026/wta-women/,Clay
/sumter-itf/2026/wta-women/,Hard
/swan-hill-itf/2026/wta-women/,Grass
/swiss-nationalliga-a/2026/atp-men/,Clay
/swiss-nationalliga-a/2026/wta-women/,Clay
/szczecin-challenger/2026/atp-men/,Clay
/szentendre-itf/2026/wta-women/,Clay
/taipei-2-itf/2026/wta-women/,Hard
/taipei-3-itf/2026/wta-women/,Hard
/takasaki-itf/2026/wta-women/,Hard
/tallahassee-chall/2026/atp-men/,Clay
/tampere-challenger/2026/atp-men/,Clay
/targu-mures-challenger/2026/atp-men/,Clay
/targu-mures/2026/wta-women/,Clay
/tarvisio-itf/2026/wta-women/,Clay
/tauste-zaragoza-itf/2026/wta-women/,Hard
/tianjin-2-itf/2026/wta-women/,Hard
/tianjin-3-itf/2026/wta-women/,Hard
/tianjin-4-itf/2026/wta-women/,Hard
/tianjin-5-itf/2026/wta-women/,Hard
/tianjin-itf/2026/wta-women/,Hard
/tiburon-challenger/2026/atp-men/,Hard
/todi-challenger/2026/atp-men/,Clay
/tokyo-6-itf/2026/wta-women/,Hard
/tokyo-itf/2026/wta-women/,Hard
/tolentino/2026/wta-women/,Clay
/torello-itf/2026/wta-women/,Hard
/toronto-wta/2026/wta-women/,Hard
/toyama-2-itf/2026/wta-women/,Hard
/toyama-itf/2026/wta-women/,Hard
/trieste-challenger/2026/atp-men/,Clay
/trieste-itf/2026/wta-women/,Clay
/trnava-6-itf/2026/wta-women/,Clay
/troyes-challenger/2026/atp-men/,Clay
/tsaghkadzor-2-itf/2026/wta-women/,Clay
/tsaghkadzor-itf/2026/wta-women/,Clay
/tulln-challenger/2026/atp-men/,Clay
/tumkur-itf/2026/wta-women/,Hard
/tunis-challenger/2026/atp-men/,Clay
/turin-itf/2026/wta-women/,Clay
/tyler-challenger/2026/atp-men/,Hard
/ultimate-tennis-showdown/2026/atp-men/,Hard
/umag/2026/atp-men/,Clay
/us-open/2026/atp-men/,Hard
/us-open/2026/wta-women/,Hard
/utr-pro-match-series/2026/wta-women/,
/utr-pro-tennis-series-3/2026/atp-men/,
/utr-pro-tennis-series-5/2026/atp-men/,
/utr-pro-tennis-series-5/2026/wta-women/,
/utr-pro-tennis-series-9/2026/atp-men/,
/utr-pro-tennis-series-9/2026/wta-women/,
/utr-pro-tennis-series/2026/atp-men/,Hard
/utr-pro-tennis-series/2026/wta-women/,Hard
/vacaria-itf/2026/wta-women/,Clay
/vaihingen-itf/2026/wta-women/,Clay
/valencia-wta/2026/wta-women/,Clay
/valencie-challenger/2026/atp-men/,Clay
/vancouver-challenger/2026/atp-men/,Hard
/vancouver-wta/2026/wta-women/,Hard
/verbier-2-itf/2026/wta-women/,Clay
/verbier-itf/2026/wta-women/,Clay
/vicenza-challenger/2026/atp-men/,Clay
/vigo-itf/2026/wta-women/,Hard
/viserba-itf/2026/wta-women/,Clay
/vitoria-gasteiz-itf/2026/wta-women/,Hard
/wanfercee-baulet-itf/2026/wta-women/,Clay
/warmbad-villach-itf/2026/wta-women/,Clay
/warsaw-2-wta/2026/wta-women/,Hard
/washington/2026/atp-men/,Hard
/washington/2026/wta-women/,Hard
/wichita-itf/2026/wta-women/,Hard
/wiesbaden-itf/2026/wta-women/,Clay
/wimbledon/2026/atp-men/,Grass
/wimbledon/2026/wta-women/,Grass
/winnipeg-challenger/2026/atp-men/,Hard
/winston-salem/2026/atp-men/,Hard
/wuning-2-challenger/2026/atp-men/,Hard
/wuning-2-itf/2026/wta-women/,Hard
/wuning-3-itf/2026/wta-women/,Hard
/wuning-4-itf/2026/wta-women/,Hard
/wuning-challenger/2026/atp-men/,Hard
/wuning-itf/2026/wta-women/,Hard
/wuxi-challenger/2026/atp-men/,Hard
/yecla-itf/2026/wta-women/,Hard
/yeongwol-2-itf/2026/wta-women/,Hard
/yeongwol-itf/2026/wta-women/,Hard
/yokkaichi-challenger/2026/atp-men/,Hard
/ystad-itf/2026/wta-women/,Clay
/zagreb-2-itf/2026/wta-women/,Clay
/zagreb-challenger/2026/atp-men/,Clay
/zagreb-itf/2026/wta-women/,Clay
/zaragoza-itf/2026/wta-women/,Clay
/zephyrhills-itf/2026/wta-women/,Clay
/zhangjiagang-challenger/2026/atp-men/,Hard
/zhengzhou-itf/2026/wta-women/,Hard
/zug-challenger/2026/atp-men/,Clay
