date,total_matches,total_recommendations,pct_recommended,avg_edge_pp,avg_rating_confidence
2026-09-17,31,9,29.0,25.3,0.97
2026-09-18,67,1,1.5,22.6,1.0
2026-09-19,65,2,3.1,20.2,0.88
2026-09-20,33,0,0.0,,
2026-09-20,30,0,0.0,,
2026-09-21,117,4,3.4,29.8,1.0
2026-09-21,50,0,0.0,,
2026-09-22,249,8,3.2,22.6,1.0
2026-09-22,81,2,2.5,16.8,1.0
2026-09-23,287,5,1.7,34.4,0.84
2026-09-23,257,7,2.7,25.3,0.95
2026-09-23,106,6,5.7,21.3,0.93
2026-09-24,232,18,7.8,25.0,0.95
2026-09-25,145,7,4.8,21.3,0.95
2026-09-26,108,3,2.8,26.3,1.0
2026-09-27,77,2,2.6,26.5,0.84
2026-09-28,126,3,2.4,25.9,1.0
2026-09-29,236,10,4.2,23.8,0.98
2026-09-30,308,8,2.6,26.4,1.0
2026-10-01,252,17,6.7,26.4,0.94
2026-10-02,149,9,6.0,26.8,0.97
2026-10-03,92,5,5.4,26.6,1.0
2026-10-04,89,6,6.7,29.2,1.0
2026-10-05,156,2,1.3,31.6,0.92
2026-10-06,287,12,4.2,27.5,0.93
2026-10-07,344,20,5.8,27.9,0.92
2026-10-08,272,11,4.0,26.5,0.98
