date,tournament,player1,player2,recommended_player,opponent,dog_odds,level,games_line,games_odds,est_rate,break_even,expected_value,player_losses,player_share,filter_pass,te_match_id,result,score,checked_at,set_scores,rec_games,games_result
2026-09-23,,Maria Timofeeva,Kajsa Rinaldo Persson,Kajsa Rinaldo Persson,Maria Timofeeva,4.2,Challenger/125,5.5,1.42,0.728,0.704,0.033,14,1.0,True,3330996.0,lost,2:0,2026-09-24,3-6 0-6,3,lost
2026-09-23,,David Petrofsky,Matyas Cerny,David Petrofsky,Matyas Cerny,16.0,ITF,3.5,1.54,0.603,0.649,-0.072,4,1.0,False,3331602.0,lost,2:0,2026-09-26,4-6 4-6,8,won
2026-09-23,,David Petrofsky,Matyas Cerny,David Petrofsky,Matyas Cerny,16.0,ITF,4.5,1.97,0.46,0.508,-0.093,4,1.0,False,3331602.0,lost,2:0,2026-09-26,4-6 4-6,8,won
2026-09-23,,David Petrofsky,Matyas Cerny,David Petrofsky,Matyas Cerny,16.0,ITF,5.5,2.57,0.346,0.389,-0.112,4,1.0,False,3331602.0,lost,2:0,2026-09-26,4-6 4-6,8,won
2026-09-23,,Martin Riu,Aidan McHugh,Martin Riu,Aidan McHugh,12.0,ITF,4.5,1.53,0.46,0.654,-0.296,3,0.667,False,3330158.0,lost,2:0,2026-09-24,0-6 2-6,2,lost
2026-09-23,,Martin Riu,Aidan McHugh,Martin Riu,Aidan McHugh,12.0,ITF,5.5,1.82,0.346,0.549,-0.371,3,0.667,False,3330158.0,lost,2:0,2026-09-24,0-6 2-6,2,lost
2026-09-23,,Inaki Monte De La Torre,Benjamin Thomas George,Benjamin Thomas George,Inaki Monte De La Torre,6.9,ITF,5.5,1.66,0.528,0.602,-0.124,15,0.933,False,3330728.0,pending,,,,,
2026-09-23,,Kuan Shou Chen,Shaoyun Liu,Shaoyun Liu,Kuan Shou Chen,6.9,ITF,5.5,1.6,0.528,0.625,-0.155,16,0.875,False,3331422.0,lost,1:0,2026-09-24,4-6 4-6,8,won
2026-09-23,,Marwan Ehab,Paul Jubb,Marwan Ehab,Paul Jubb,12.0,ITF,3.5,1.4,0.603,0.714,-0.156,5,0.8,False,3331656.0,lost,2:0,2026-09-25,3-6 3-6,6,won
2026-09-23,,Marwan Ehab,Paul Jubb,Marwan Ehab,Paul Jubb,12.0,ITF,4.5,1.72,0.46,0.581,-0.208,5,0.8,False,3331656.0,lost,2:0,2026-09-25,3-6 3-6,6,won
2026-09-23,,Marwan Ehab,Paul Jubb,Marwan Ehab,Paul Jubb,12.0,ITF,5.5,2.17,0.346,0.461,-0.25,5,0.8,False,3331656.0,lost,2:0,2026-09-25,3-6 3-6,6,won
2026-09-23,,Lorenzo Giustino,Enrique Carrascosa Diaz,Enrique Carrascosa Diaz,Lorenzo Giustino,5.35,ITF,5.5,1.54,0.528,0.649,-0.187,6,1.0,False,3330212.0,lost,2:0,2026-09-24,0-6 4-6,4,lost
2026-09-23,,Joao Vitor Goncalves Ceolin,Eric Martins,Eric Martins,Joao Vitor Goncalves Ceolin,8.0,ITF,4.5,1.49,0.46,0.671,-0.314,5,0.8,False,3330692.0,lost,2:0,2026-09-24,1-6 2-6,3,lost
2026-09-23,,Joao Vitor Goncalves Ceolin,Eric Martins,Eric Martins,Joao Vitor Goncalves Ceolin,8.0,ITF,5.5,1.88,0.346,0.532,-0.35,5,0.8,False,3330692.0,lost,2:0,2026-09-24,1-6 2-6,3,lost
2026-09-23,,Nicolas Zanellato,Breno Braga,Breno Braga,Nicolas Zanellato,13.0,ITF,2.5,1.35,0.738,0.741,-0.004,16,0.812,False,3330684.0,lost,2:0,2026-09-24,1-6 2-6,3,won
2026-09-23,,Nicolas Zanellato,Breno Braga,Breno Braga,Nicolas Zanellato,13.0,ITF,3.5,1.68,0.603,0.595,0.013,16,0.812,False,3330684.0,lost,2:0,2026-09-24,1-6 2-6,3,lost
2026-09-23,,Nicolas Zanellato,Breno Braga,Breno Braga,Nicolas Zanellato,13.0,ITF,4.5,2.3,0.46,0.435,0.059,16,0.812,False,3330684.0,lost,2:0,2026-09-24,1-6 2-6,3,lost
2026-09-23,,Victor Hugo Remondy Pagotto,Victor Bini,Victor Bini,Victor Hugo Remondy Pagotto,6.0,ITF,5.5,1.66,0.528,0.602,-0.124,16,0.812,False,3330680.0,won,2:0,2026-09-24,6-2 6-2,12,won
2026-09-23,,Mateus Alves,Manuel Mouilleron Salvo,Manuel Mouilleron Salvo,Mateus Alves,11.0,ITF,4.5,1.42,0.46,0.704,-0.346,20,0.85,False,3330672.0,lost,2:0,2026-09-24,1-6 2-6,3,lost
2026-09-23,,Mateus Alves,Manuel Mouilleron Salvo,Manuel Mouilleron Salvo,Mateus Alves,11.0,ITF,5.5,1.85,0.346,0.541,-0.361,20,0.85,False,3330672.0,lost,2:0,2026-09-24,1-6 2-6,3,lost
2026-09-23,,Dakotah Bobo,Oliver Bonding,Dakotah Bobo,Oliver Bonding,6.1,ITF,5.5,1.3,0.528,0.769,-0.314,13,0.769,False,3330098.0,lost,2:0,2026-09-24,4-6 3-6,7,won
2026-09-23,,Kayla Day,Arina Bulatova,Arina Bulatova,Kayla Day,11.0,ITF,3.5,1.39,0.603,0.719,-0.162,12,0.75,False,3331498.0,lost,2:0,2026-09-24,0-6 1-6,1,lost
2026-09-23,,Kayla Day,Arina Bulatova,Arina Bulatova,Kayla Day,11.0,ITF,4.5,1.67,0.46,0.599,-0.231,12,0.75,False,3331498.0,lost,2:0,2026-09-24,0-6 1-6,1,lost
2026-09-23,,Kayla Day,Arina Bulatova,Arina Bulatova,Kayla Day,11.0,ITF,5.5,2.15,0.346,0.465,-0.257,12,0.75,False,3331498.0,lost,2:0,2026-09-24,0-6 1-6,1,lost
2026-09-23,,Yuka Matsumoto,Nadine Hamrouni,Nadine Hamrouni,Yuka Matsumoto,7.4,ITF,4.5,1.49,0.46,0.671,-0.314,3,1.0,False,3331276.0,lost,2:0,2026-09-24,3-6 0-6,3,lost
2026-09-23,,Yuka Matsumoto,Nadine Hamrouni,Nadine Hamrouni,Yuka Matsumoto,7.4,ITF,5.5,1.8,0.346,0.556,-0.378,3,1.0,False,3331276.0,lost,2:0,2026-09-24,3-6 0-6,3,lost
2026-09-23,,Ava Catanzarite,Isabela de Mattos Silva,Isabela de Mattos Silva,Ava Catanzarite,16.0,ITF,3.5,1.55,0.603,0.645,-0.065,2,1.0,False,3330278.0,lost,2:0,2026-09-24,1-6 0-6,1,lost
2026-09-23,,Ava Catanzarite,Isabela de Mattos Silva,Isabela de Mattos Silva,Ava Catanzarite,16.0,ITF,4.5,1.97,0.46,0.508,-0.093,2,1.0,False,3330278.0,lost,2:0,2026-09-24,1-6 0-6,1,lost
2026-09-23,,Ava Catanzarite,Isabela de Mattos Silva,Isabela de Mattos Silva,Ava Catanzarite,16.0,ITF,5.5,2.6,0.346,0.385,-0.101,2,1.0,False,3330278.0,lost,2:0,2026-09-24,1-6 0-6,1,lost
2026-09-23,,Ritesh Patil,Julian Messina,Julian Messina,Ritesh Patil,9.0,ITF,4.5,1.53,0.46,0.654,-0.296,6,0.833,False,3330500.0,won,2:0,2026-09-25,7-5 6-2,13,won
2026-09-23,,Ritesh Patil,Julian Messina,Julian Messina,Ritesh Patil,9.0,ITF,5.5,1.87,0.346,0.535,-0.354,6,0.833,False,3330500.0,won,2:0,2026-09-25,7-5 6-2,13,won
2026-09-23,,James Quattro,Camille Chantron,Camille Chantron,James Quattro,7.5,ITF,4.5,1.44,0.46,0.694,-0.337,1,1.0,False,3331446.0,lost,2:0,2026-09-25,0-6 2-6,2,lost
2026-09-23,,James Quattro,Camille Chantron,Camille Chantron,James Quattro,7.5,ITF,5.5,1.71,0.346,0.585,-0.409,1,1.0,False,3331446.0,lost,2:0,2026-09-25,0-6 2-6,2,lost
2026-09-23,,T.Czaplinski,Marc van der Merwe,T.Czaplinski,Marc van der Merwe,6.1,ITF,5.5,1.62,0.528,0.617,-0.145,0,,False,3331448.0,lost,2:0,2026-09-24,0-6 2-6,2,lost
2026-09-23,,Wesley Cotton,Bautista Durrels Rojo,Bautista Durrels Rojo,Wesley Cotton,7.2,ITF,4.5,1.42,0.46,0.704,-0.346,5,0.8,False,3330494.0,lost,2:0,2026-09-24,0-6 4-6,4,lost
2026-09-23,,Wesley Cotton,Bautista Durrels Rojo,Bautista Durrels Rojo,Wesley Cotton,7.2,ITF,5.5,1.68,0.346,0.595,-0.419,5,0.8,False,3330494.0,lost,2:0,2026-09-24,0-6 4-6,4,lost
2026-09-23,,Lukas Palovic,Noble Renfrow,Noble Renfrow,Lukas Palovic,5.8,ITF,5.5,1.5,0.528,0.667,-0.208,15,0.8,False,3331440.0,lost,2:0,2026-09-24,0-6 6-7,6,won
2026-09-23,,Kori Montoya,Emily Welker,Kori Montoya,Emily Welker,6.3,ITF,5.5,1.67,0.528,0.599,-0.118,0,,False,3331456.0,lost,2:0,2026-09-24,4-6 6-7,10,won
2026-09-24,,Talia Gibson,Viktoria Morvayova,Viktoria Morvayova,Talia Gibson,7.2,ATP/WTA,4.5,1.37,0.627,0.73,-0.141,18,0.889,False,3330988.0,lost,2:0,2026-09-25,6-7 6-7,12,won
2026-09-24,,Talia Gibson,Viktoria Morvayova,Viktoria Morvayova,Talia Gibson,7.2,ATP/WTA,5.5,1.69,0.483,0.592,-0.184,18,0.889,False,3330988.0,lost,2:0,2026-09-25,6-7 6-7,12,won
2026-09-24,,Tatiana Prozorova,Alexandra Eala,Tatiana Prozorova,Alexandra Eala,4.25,ATP/WTA,5.5,1.37,0.728,0.73,-0.003,8,0.875,True,3330842.0,won,2:1,2026-09-25,4-6 7-5 6-3,17,won
2026-09-24,,Maria Sakkari,Nao Hibino,Nao Hibino,Maria Sakkari,5.0,ATP/WTA,5.5,1.48,0.728,0.676,0.077,15,0.933,True,3331112.0,lost,2:0,2026-09-25,5-7 1-6,6,won
2026-09-24,,Nishesh Basavareddy,Keaton Hance,Keaton Hance,Nishesh Basavareddy,7.9,Challenger/125,4.5,1.39,0.552,0.719,-0.233,7,1.0,False,3331428.0,lost,2:1,2026-09-26,2-6 6-4 3-6,11,won
2026-09-24,,Nishesh Basavareddy,Keaton Hance,Keaton Hance,Nishesh Basavareddy,7.9,Challenger/125,5.5,1.66,0.434,0.602,-0.28,7,1.0,False,3331428.0,lost,2:1,2026-09-26,2-6 6-4 3-6,11,won
2026-09-24,,Jay Clarke,Giuseppe La Vela,Giuseppe La Vela,Jay Clarke,4.8,Challenger/125,5.5,1.33,0.689,0.752,-0.084,19,0.842,False,3331150.0,lost,2:0,2026-09-25,1-6 2-6,3,lost
2026-09-24,,Teodora Kostovic,Elena Ruxandra Bertea,Elena Ruxandra Bertea,Teodora Kostovic,4.2,Challenger/125,5.5,1.41,0.728,0.709,0.026,21,0.857,True,3331122.0,lost,2:0,2026-09-25,3-6 1-6,4,lost
2026-09-24,,Valentina Steiner,Katie Swan,Valentina Steiner,Katie Swan,4.5,Challenger/125,5.5,1.43,0.728,0.699,0.041,17,0.882,True,3331120.0,lost,2:0,2026-09-25,1-6 0-6,1,lost
2026-09-24,,David Petrofsky,Matyas Cerny,David Petrofsky,Matyas Cerny,14.0,ITF,3.5,1.44,0.602,0.694,-0.133,4,1.0,False,3331602.0,lost,2:0,2026-09-26,4-6 4-6,8,won
2026-09-24,,David Petrofsky,Matyas Cerny,David Petrofsky,Matyas Cerny,14.0,ITF,4.5,1.85,0.46,0.541,-0.148,4,1.0,False,3331602.0,lost,2:0,2026-09-26,4-6 4-6,8,won
2026-09-24,,David Petrofsky,Matyas Cerny,David Petrofsky,Matyas Cerny,14.0,ITF,5.5,2.35,0.346,0.426,-0.188,4,1.0,False,3331602.0,lost,2:0,2026-09-26,4-6 4-6,8,won
2026-09-24,,Stepan Baum,Jakub Vrtilka,Jakub Vrtilka,Stepan Baum,7.4,ITF,4.5,1.45,0.46,0.69,-0.332,8,0.75,False,3331712.0,lost,2:1,2026-09-26,2-6 6-4 3-6,11,won
2026-09-24,,Stepan Baum,Jakub Vrtilka,Jakub Vrtilka,Stepan Baum,7.4,ITF,5.5,1.7,0.346,0.588,-0.413,8,0.75,False,3331712.0,lost,2:1,2026-09-26,2-6 6-4 3-6,11,won
2026-09-24,,Claus Piening,Kalin Ivanovski,Claus Piening,Kalin Ivanovski,9.1,ITF,4.5,1.43,0.46,0.699,-0.342,18,0.944,False,3331816.0,won,1:0,2026-09-26,7-5 1-2,8,void
2026-09-24,,Claus Piening,Kalin Ivanovski,Claus Piening,Kalin Ivanovski,9.1,ITF,5.5,1.75,0.346,0.571,-0.395,18,0.944,False,3331816.0,won,1:0,2026-09-26,7-5 1-2,8,void
2026-09-24,,Sebastian Dominko,Marko Bekeni,Marko Bekeni,Sebastian Dominko,6.6,ITF,5.5,1.62,0.527,0.617,-0.146,7,1.0,False,3331818.0,lost,2:0,2026-09-25,1-6 1-6,2,lost
2026-09-24,,Matteo Covato,Stefan Seifert,Matteo Covato,Stefan Seifert,5.45,ITF,5.5,1.5,0.527,0.667,-0.209,19,0.789,False,3331704.0,lost,2:0,2026-09-25,0-6 3-6,3,lost
2026-09-24,,Arthur Nagel,Paul Theate,Paul Theate,Arthur Nagel,11.0,ITF,4.5,1.61,0.46,0.621,-0.259,8,0.875,False,3331700.0,lost,2:0,2026-09-25,2-6 3-6,5,won
2026-09-24,,Arthur Nagel,Paul Theate,Paul Theate,Arthur Nagel,11.0,ITF,5.5,2.07,0.346,0.483,-0.285,8,0.875,False,3331700.0,lost,2:0,2026-09-25,2-6 3-6,5,lost
2026-09-24,,Moritz Hoffmann,Daniel de Jonge,Moritz Hoffmann,Daniel de Jonge,6.2,ITF,5.5,1.48,0.527,0.676,-0.22,2,1.0,False,3331650.0,lost,2:0,2026-09-25,4-6 2-6,6,won
2026-09-24,,D.Nicolae Madaras,Matteo Sabbatini,Matteo Sabbatini,D.Nicolae Madaras,16.0,ITF,3.5,1.52,0.602,0.658,-0.084,1,0.0,False,3331728.0,lost,2:1,2026-09-25,1-6 6-2 2-6,9,won
2026-09-24,,D.Nicolae Madaras,Matteo Sabbatini,Matteo Sabbatini,D.Nicolae Madaras,16.0,ITF,4.5,1.9,0.46,0.526,-0.125,1,0.0,False,3331728.0,lost,2:1,2026-09-25,1-6 6-2 2-6,9,won
2026-09-24,,D.Nicolae Madaras,Matteo Sabbatini,Matteo Sabbatini,D.Nicolae Madaras,16.0,ITF,5.5,2.52,0.346,0.397,-0.129,1,0.0,False,3331728.0,lost,2:1,2026-09-25,1-6 6-2 2-6,9,won
2026-09-24,,Tomas Curras Abasolo,Philip Henning,Tomas Curras Abasolo,Philip Henning,8.5,ITF,4.5,1.49,0.46,0.671,-0.314,16,0.875,False,3331774.0,lost,2:0,2026-09-25,4-6 4-6,8,won
2026-09-24,,Tomas Curras Abasolo,Philip Henning,Tomas Curras Abasolo,Philip Henning,8.5,ITF,5.5,1.82,0.346,0.549,-0.371,16,0.875,False,3331774.0,lost,2:0,2026-09-25,4-6 4-6,8,won
2026-09-24,,Samuel Vincent Ruggeri,Kris Van Wyk,Kris Van Wyk,Samuel Vincent Ruggeri,5.0,ITF,5.5,1.48,0.527,0.676,-0.22,12,0.75,False,3331792.0,lost,2:0,2026-09-25,2-6 2-6,4,lost
2026-09-24,,Marwan Ehab,Paul Jubb,Marwan Ehab,Paul Jubb,11.0,ITF,4.5,1.62,0.46,0.617,-0.254,5,0.8,False,3331656.0,lost,2:0,2026-09-25,3-6 3-6,6,won
2026-09-24,,Marwan Ehab,Paul Jubb,Marwan Ehab,Paul Jubb,11.0,ITF,5.5,2.07,0.346,0.483,-0.285,5,0.8,False,3331656.0,lost,2:0,2026-09-25,3-6 3-6,6,won
2026-09-24,,Branko Djuric,Aristarkh Safonov,Aristarkh Safonov,Branko Djuric,7.1,ITF,4.5,1.4,0.46,0.714,-0.355,7,1.0,False,3331890.0,lost,2:0,2026-09-25,0-6 2-6,2,lost
2026-09-24,,Branko Djuric,Aristarkh Safonov,Aristarkh Safonov,Branko Djuric,7.1,ITF,5.5,1.71,0.346,0.585,-0.409,7,1.0,False,3331890.0,lost,2:0,2026-09-25,0-6 2-6,2,lost
2026-09-24,,Lilian Marmousez,Bruno Pujol Navarro,Bruno Pujol Navarro,Lilian Marmousez,10.0,ITF,3.5,1.38,0.602,0.725,-0.169,3,1.0,False,3331616.0,lost,2:1,2026-09-25,4-6 6-1 2-6,12,won
2026-09-24,,Lilian Marmousez,Bruno Pujol Navarro,Bruno Pujol Navarro,Lilian Marmousez,10.0,ITF,4.5,1.65,0.46,0.606,-0.24,3,1.0,False,3331616.0,lost,2:1,2026-09-25,4-6 6-1 2-6,12,won
2026-09-24,,Lilian Marmousez,Bruno Pujol Navarro,Bruno Pujol Navarro,Lilian Marmousez,10.0,ITF,5.5,2.1,0.346,0.476,-0.274,3,1.0,False,3331616.0,lost,2:1,2026-09-25,4-6 6-1 2-6,12,won
2026-09-24,,Sander Jong,Kuzey Cekirge,Kuzey Cekirge,Sander Jong,7.2,ITF,4.5,1.42,0.46,0.704,-0.346,2,0.5,False,3331922.0,lost,2:0,2026-09-25,2-6 1-6,3,lost
2026-09-24,,Sander Jong,Kuzey Cekirge,Kuzey Cekirge,Sander Jong,7.2,ITF,5.5,1.71,0.346,0.585,-0.409,2,0.5,False,3331922.0,lost,2:0,2026-09-25,2-6 1-6,3,lost
2026-09-24,,John Hallquist Lithen,Charlie Swaine,Charlie Swaine,John Hallquist Lithen,6.0,ITF,5.5,1.64,0.527,0.61,-0.136,6,1.0,False,3332014.0,won,2:0,2026-09-25,6-2 6-4,12,won
2026-09-24,,Emma Kamper Malmkjaer,Carson Branstine,Emma Kamper Malmkjaer,Carson Branstine,7.0,ITF,5.5,1.6,0.346,0.625,-0.447,6,1.0,False,3332070.0,won,2:1,2026-09-25,5-7 6-2 6-2,17,won
2026-09-24,,Daria Yesypchuk,Alisa Oktiabreva,Daria Yesypchuk,Alisa Oktiabreva,6.4,ITF,4.5,1.42,0.647,0.704,-0.081,16,0.938,False,3331638.0,lost,2:0,2026-09-25,2-6 1-6,3,lost
2026-09-24,,Daria Yesypchuk,Alisa Oktiabreva,Daria Yesypchuk,Alisa Oktiabreva,6.4,ITF,5.5,1.7,0.527,0.588,-0.104,16,0.938,False,3331638.0,lost,2:0,2026-09-25,2-6 1-6,3,lost
2026-09-24,,Joelle Steur,Marie Mettraux,Marie Mettraux,Joelle Steur,9.9,ITF,4.5,1.65,0.46,0.606,-0.24,13,0.846,False,3331832.0,won,2:0,2026-09-25,6-1 7-5,13,won
2026-09-24,,Joelle Steur,Marie Mettraux,Marie Mettraux,Joelle Steur,9.9,ITF,5.5,2.05,0.346,0.488,-0.292,13,0.846,False,3331832.0,won,2:0,2026-09-25,6-1 7-5,13,won
2026-09-24,,Galatea Ferro,Camilla Gennaro,Galatea Ferro,Camilla Gennaro,6.1,ITF,5.5,1.66,0.527,0.602,-0.125,10,0.9,False,3331834.0,lost,2:0,2026-09-26,4-6 1-6,5,lost
2026-09-24,,Florentine Dekkers,Kristina Kroitor,Florentine Dekkers,Kristina Kroitor,11.0,ITF,3.5,1.4,0.602,0.714,-0.157,3,0.333,False,3331632.0,lost,2:1,2026-09-25,6-1 2-6 5-7,13,won
2026-09-24,,Florentine Dekkers,Kristina Kroitor,Florentine Dekkers,Kristina Kroitor,11.0,ITF,4.5,1.74,0.46,0.575,-0.199,3,0.333,False,3331632.0,lost,2:1,2026-09-25,6-1 2-6 5-7,13,won
2026-09-24,,Florentine Dekkers,Kristina Kroitor,Florentine Dekkers,Kristina Kroitor,11.0,ITF,5.5,2.15,0.346,0.465,-0.257,3,0.333,False,3331632.0,lost,2:1,2026-09-25,6-1 2-6 5-7,13,won
2026-09-24,,Zuzanna Pawlikowska,Ksenia Smirnova,Ksenia Smirnova,Zuzanna Pawlikowska,4.9,ITF,5.5,1.5,0.619,0.667,-0.072,7,0.714,False,3331558.0,lost,2:1,2026-09-25,2-6 6-3 3-6,11,won
2026-09-24,,Elena Jamshidi,Esther Adeshina,Elena Jamshidi,Esther Adeshina,10.0,ITF,3.5,1.38,0.602,0.725,-0.169,11,0.818,False,3331672.0,lost,2:0,2026-09-25,2-6 1-6,3,lost
2026-09-24,,Elena Jamshidi,Esther Adeshina,Elena Jamshidi,Esther Adeshina,10.0,ITF,4.5,1.69,0.46,0.592,-0.222,11,0.818,False,3331672.0,lost,2:0,2026-09-25,2-6 1-6,3,lost
2026-09-24,,Elena Jamshidi,Esther Adeshina,Elena Jamshidi,Esther Adeshina,10.0,ITF,5.5,2.12,0.346,0.472,-0.268,11,0.818,False,3331672.0,lost,2:0,2026-09-25,2-6 1-6,3,lost
2026-09-24,,Hania Abouelsaad,Maria Golovina,Hania Abouelsaad,Maria Golovina,7.6,ITF,4.5,1.51,0.46,0.662,-0.305,5,1.0,False,3331766.0,lost,2:1,2026-09-25,6-3 6-7 3-6,15,won
2026-09-24,,Hania Abouelsaad,Maria Golovina,Hania Abouelsaad,Maria Golovina,7.6,ITF,5.5,1.82,0.346,0.549,-0.371,5,1.0,False,3331766.0,lost,2:1,2026-09-25,6-3 6-7 3-6,15,won
2026-09-24,,Anna Sedysheva,Mara Guth,Anna Sedysheva,Mara Guth,7.6,ITF,4.5,1.51,0.46,0.662,-0.305,11,0.909,False,3331884.0,lost,2:1,2026-09-25,6-4 0-6 6-7,12,won
2026-09-24,,Anna Sedysheva,Mara Guth,Anna Sedysheva,Mara Guth,7.6,ITF,5.5,1.82,0.346,0.549,-0.371,11,0.909,False,3331884.0,lost,2:1,2026-09-25,6-4 0-6 6-7,12,won
2026-09-24,,Ekaterina Perelygina,Ulyana Hrabavets,Ulyana Hrabavets,Ekaterina Perelygina,5.2,ITF,5.5,1.54,0.527,0.649,-0.188,9,1.0,False,3331836.0,won,2:0,2026-09-25,6-3 6-4,12,won
2026-09-24,,Estella Jaeger,Cristiana Nicoleta Todoni,Estella Jaeger,Cristiana Nicoleta Todoni,11.0,ITF,3.5,1.39,0.602,0.719,-0.163,11,0.727,False,3331626.0,lost,2:0,2026-09-25,1-6 2-6,3,lost
2026-09-24,,Estella Jaeger,Cristiana Nicoleta Todoni,Estella Jaeger,Cristiana Nicoleta Todoni,11.0,ITF,4.5,1.69,0.46,0.592,-0.222,11,0.727,False,3331626.0,lost,2:0,2026-09-25,1-6 2-6,3,lost
2026-09-24,,Estella Jaeger,Cristiana Nicoleta Todoni,Estella Jaeger,Cristiana Nicoleta Todoni,11.0,ITF,5.5,2.12,0.346,0.472,-0.268,11,0.727,False,3331626.0,lost,2:0,2026-09-25,1-6 2-6,3,lost
2026-09-24,,Giulia Safina Popa,Thea Marcu,Thea Marcu,Giulia Safina Popa,8.5,ITF,4.5,1.56,0.46,0.641,-0.282,11,0.727,False,3331670.0,lost,2:0,2026-09-25,1-6 2-6,3,lost
2026-09-24,,Giulia Safina Popa,Thea Marcu,Thea Marcu,Giulia Safina Popa,8.5,ITF,5.5,1.95,0.346,0.513,-0.326,11,0.727,False,3331670.0,lost,2:0,2026-09-25,1-6 2-6,3,lost
2026-09-24,,Andreea Prisacariu,Alessia Popescu,Alessia Popescu,Andreea Prisacariu,10.0,ITF,3.5,1.39,0.602,0.719,-0.163,11,0.909,False,3331794.0,lost,2:0,2026-09-25,1-6 0-6,1,lost
2026-09-24,,Andreea Prisacariu,Alessia Popescu,Alessia Popescu,Andreea Prisacariu,10.0,ITF,4.5,1.68,0.46,0.595,-0.226,11,0.909,False,3331794.0,lost,2:0,2026-09-25,1-6 0-6,1,lost
2026-09-24,,Andreea Prisacariu,Alessia Popescu,Alessia Popescu,Andreea Prisacariu,10.0,ITF,5.5,2.12,0.346,0.472,-0.268,11,0.909,False,3331794.0,lost,2:0,2026-09-25,1-6 0-6,1,lost
2026-09-24,,Elizara Yaneva,Laura Mair,Laura Mair,Elizara Yaneva,9.0,ITF,4.5,1.58,0.46,0.633,-0.273,13,0.769,False,3331634.0,lost,2:0,2026-09-25,2-6 2-6,4,lost
2026-09-24,,Elizara Yaneva,Laura Mair,Laura Mair,Elizara Yaneva,9.0,ITF,5.5,2.0,0.346,0.5,-0.309,13,0.769,False,3331634.0,lost,2:0,2026-09-25,2-6 2-6,4,lost
2026-09-24,,Valeria Garnevska,Anja Stankovic,Valeria Garnevska,Anja Stankovic,5.25,ITF,5.5,1.57,0.527,0.637,-0.172,4,0.75,False,3331860.0,lost,2:0,2026-09-25,2-6 5-7,7,won
2026-09-24,,Charlotte Pikkaart,Didi Bredberg Canizares,Charlotte Pikkaart,Didi Bredberg Canizares,4.6,ITF,5.5,1.49,0.619,0.671,-0.078,20,0.8,False,3331954.0,won,2:0,2026-09-25,6-4 6-4,12,won
2026-09-24,,Pippa Bosman,Natalia Siedliska,Pippa Bosman,Natalia Siedliska,17.0,ITF,3.5,1.58,0.602,0.633,-0.048,14,0.786,False,3331946.0,lost,2:0,2026-09-26,3-6 1-6,4,won
2026-09-24,,Pippa Bosman,Natalia Siedliska,Pippa Bosman,Natalia Siedliska,17.0,ITF,4.5,2.02,0.46,0.495,-0.07,14,0.786,False,3331946.0,lost,2:0,2026-09-26,3-6 1-6,4,lost
2026-09-24,,Pippa Bosman,Natalia Siedliska,Pippa Bosman,Natalia Siedliska,17.0,ITF,5.5,2.67,0.346,0.375,-0.077,14,0.786,False,3331946.0,lost,2:0,2026-09-26,3-6 1-6,4,lost
2026-09-25,,Deniz Dilek,Anastasia Gasanova,Deniz Dilek,Anastasia Gasanova,4.75,Challenger/125,5.5,1.41,0.69,0.709,-0.027,3,0.667,False,3332372.0,won,2:1,2026-09-26,4-6 6-2 7-5,17,won
2026-09-25,,Mia Ristic,Jessica Pieri,Jessica Pieri,Mia Ristic,4.4,Challenger/125,5.5,1.4,0.69,0.714,-0.033,15,0.8,False,3332034.0,won,2:0,2026-09-26,6-4 6-4,12,won
2026-09-25,,D.Nicolae Madaras,Filiberto Fumagalli,Filiberto Fumagalli,D.Nicolae Madaras,4.8,ITF,5.5,1.52,0.619,0.658,-0.059,9,0.556,False,3332320.0,lost,2:1,2026-09-26,3-6 7-6 4-6,14,won
2026-09-25,,Lilian Marmousez,Luka Talan Lopatic,Luka Talan Lopatic,Lilian Marmousez,5.65,ITF,5.5,1.58,0.527,0.633,-0.168,14,0.857,False,3332256.0,lost,2:0,2026-09-26,4-6 1-6,5,lost
2026-09-25,,Mateus Alves,Joao Victor Couto Loureiro,Joao Victor Couto Loureiro,Mateus Alves,7.0,ITF,5.5,1.58,0.345,0.633,-0.456,16,0.875,False,3332486.0,lost,2:0,2026-09-26,6-7 4-6,10,won
2026-09-25,,Tena Lukas,Alisa Oktiabreva,Tena Lukas,Alisa Oktiabreva,4.85,ITF,5.5,1.5,0.619,0.667,-0.072,18,0.944,False,3332222.0,lost,1:0,2026-09-26,2-6 0-3,2,void
2026-09-25,,Jennifer Rosa Dourado,Josefina Estevez,Jennifer Rosa Dourado,Josefina Estevez,5.0,ITF,5.5,1.51,0.527,0.662,-0.204,0,,False,,no_data,,2026-09-26,,,
2026-09-25,,Henry Dornbusch,Karim AL-Amin,Henry Dornbusch,Karim AL-Amin,5.75,ITF,5.5,1.52,0.527,0.658,-0.199,9,0.778,False,3332416.0,pending,,,,,
2026-09-25,,Naoki Nakagawa,Corban Crowther,Corban Crowther,Naoki Nakagawa,6.7,ITF,4.5,1.38,0.647,0.725,-0.107,0,,False,,no_data,,2026-09-26,,,
2026-09-25,,Naoki Nakagawa,Corban Crowther,Corban Crowther,Naoki Nakagawa,6.7,ITF,5.5,1.69,0.527,0.592,-0.11,0,,False,,no_data,,2026-09-26,,,
2026-09-25,,Charlotte Pikkaart,Natalia Siedliska,Charlotte Pikkaart,Natalia Siedliska,6.3,ITF,5.5,1.68,0.527,0.595,-0.115,20,0.8,False,3332420.0,lost,2:0,2026-09-26,2-6 4-6,6,won
2026-09-25,,Anastasiya Kuparev,Didi Bredberg Canizares,Anastasiya Kuparev,Didi Bredberg Canizares,6.0,ITF,5.5,1.66,0.527,0.602,-0.125,28,0.679,False,3332428.0,lost,2:0,2026-09-26,6-7 6-7,12,won
2026-09-25,,Leticia Romanova,Leah Luboldt,Leah Luboldt,Leticia Romanova,4.9,ITF,5.5,1.51,0.619,0.662,-0.066,7,0.857,False,3332418.0,lost,2:0,2026-09-26,2-6 3-6,5,lost
2026-09-25,,Luisa Meyer Auf Der Heide,Leonie Schuknecht,Leonie Schuknecht,Luisa Meyer Auf Der Heide,5.15,ITF,5.5,1.55,0.527,0.645,-0.183,9,0.889,False,3332424.0,lost,2:0,2026-09-26,4-6 0-6,4,lost
2026-09-26,,Guiomar Maristany de Reales,Jessica Pieri,Jessica Pieri,Guiomar Maristany de Reales,4.75,Challenger/125,5.5,1.44,0.691,0.694,-0.005,15,0.8,False,3332660.0,lost,2:0,2026-09-27,1-6 2-6,3,lost
2026-09-26,,Francesco Ferrari,Dmitry Popko,Francesco Ferrari,Dmitry Popko,5.45,ITF,5.5,1.46,0.528,0.685,-0.229,17,0.765,False,3332678.0,lost,2:0,2026-09-27,4-6 3-6,7,won
2026-09-26,,Dmitry Dolzhenkov,Arvid Nordquist,Dmitry Dolzhenkov,Arvid Nordquist,6.4,ITF,5.5,1.61,0.528,0.621,-0.15,8,0.875,False,3332646.0,lost,2:0,2026-09-27,2-6 3-6,5,lost
2026-09-26,,Oliver Bonding,Gabe Avram,Gabe Avram,Oliver Bonding,5.25,ITF,5.5,1.51,0.528,0.662,-0.203,2,1.0,False,3332828.0,lost,2:0,2026-09-27,5-7 1-6,6,won
2026-09-26,,Kayla Day,Ella Mcdonald,Ella Mcdonald,Kayla Day,5.25,ITF,5.5,1.56,0.528,0.641,-0.176,6,0.667,False,3332836.0,lost,2:0,2026-09-27,6-7 3-6,9,won
2026-09-26,,Marie Mettraux,Alisa Oktiabreva,Marie Mettraux,Alisa Oktiabreva,12.0,ITF,3.5,1.43,0.601,0.699,-0.14,13,0.846,False,3332600.0,lost,2:1,2026-09-27,6-4 2-6 5-7,13,won
2026-09-26,,Marie Mettraux,Alisa Oktiabreva,Marie Mettraux,Alisa Oktiabreva,12.0,ITF,4.5,1.76,0.459,0.568,-0.191,13,0.846,False,3332600.0,lost,2:1,2026-09-27,6-4 2-6 5-7,13,won
2026-09-26,,Marie Mettraux,Alisa Oktiabreva,Marie Mettraux,Alisa Oktiabreva,12.0,ITF,5.5,2.27,0.345,0.441,-0.217,13,0.846,False,3332600.0,lost,2:1,2026-09-27,6-4 2-6 5-7,13,won
2026-09-26,,Kristina Kroitor,Ellie Daniels,Ellie Daniels,Kristina Kroitor,5.75,ITF,5.5,1.46,0.528,0.685,-0.229,8,1.0,False,3332680.0,won,2:0,2026-09-27,6-2 6-2,12,won
2026-09-26,,Astra Sharma,Paola Lopez,Paola Lopez,Astra Sharma,20.0,ITF,2.5,1.37,0.737,0.73,0.009,14,0.643,False,3332846.0,won,1:0,2026-09-27,2-3,2,void
2026-09-26,,Astra Sharma,Paola Lopez,Paola Lopez,Astra Sharma,20.0,ITF,3.5,1.76,0.601,0.568,0.059,14,0.643,False,3332846.0,won,1:0,2026-09-27,2-3,2,void
2026-09-26,,Astra Sharma,Paola Lopez,Paola Lopez,Astra Sharma,20.0,ITF,4.5,2.35,0.459,0.426,0.08,14,0.643,False,3332846.0,won,1:0,2026-09-27,2-3,2,void
2026-09-26,,Nikola Breckova,Mirjana Jovanovic,Mirjana Jovanovic,Nikola Breckova,11.0,ITF,3.5,1.4,0.601,0.714,-0.158,0,,False,,no_data,,2026-09-27,,,
2026-09-26,,Nikola Breckova,Mirjana Jovanovic,Mirjana Jovanovic,Nikola Breckova,11.0,ITF,4.5,1.72,0.459,0.581,-0.21,0,,False,,no_data,,2026-09-27,,,
2026-09-26,,Nikola Breckova,Mirjana Jovanovic,Mirjana Jovanovic,Nikola Breckova,11.0,ITF,5.5,2.15,0.345,0.465,-0.258,0,,False,,no_data,,2026-09-27,,,
2026-09-26,,Julita Saner,Charlotte Pikkaart,Charlotte Pikkaart,Julita Saner,4.9,ITF,5.5,1.52,0.62,0.658,-0.057,20,0.8,False,3332744.0,won,2:1,2026-09-27,6-3 0-6 6-2,12,won
2026-09-28,,Rigele Te,James Duckworth,Rigele Te,James Duckworth,6.5,ATP/WTA,5.5,1.31,0.726,0.763,-0.049,11,1.0,True,3334568.0,pending,,,,,
2026-09-28,,Alessio Basile,Vano Losaberidze,Vano Losaberidze,Alessio Basile,7.1,ITF,5.5,1.66,0.346,0.602,-0.426,13,0.769,False,3334538.0,lost,2:0,2026-09-29,2-6 0-6,2,lost
2026-09-28,,D.Nicolae Madaras,Francesco Ferrari,Francesco Ferrari,D.Nicolae Madaras,5.9,ITF,5.5,1.65,0.528,0.606,-0.129,18,0.778,False,3334542.0,lost,2:0,2026-09-29,4-6 2-6,6,won
2026-09-28,,Kirill Kistanov,Yuga Tashiro,Kirill Kistanov,Yuga Tashiro,10.0,ITF,4.5,1.58,0.46,0.633,-0.273,4,1.0,False,3334104.0,lost,2:1,2026-09-29,2-6 6-3 1-6,9,won
2026-09-28,,Kirill Kistanov,Yuga Tashiro,Kirill Kistanov,Yuga Tashiro,10.0,ITF,5.5,1.97,0.346,0.508,-0.319,4,1.0,False,3334104.0,lost,2:1,2026-09-29,2-6 6-3 1-6,9,won
2026-09-28,,Seiya Nakanishi,Stefan Menichella,Seiya Nakanishi,Stefan Menichella,5.9,ITF,5.5,1.6,0.528,0.625,-0.156,8,0.75,False,3334564.0,pending,,,,,
2026-09-28,,Stefan Menichella,Kenta Kawada,Kenta Kawada,Stefan Menichella,6.4,ITF,5.5,1.61,0.528,0.621,-0.151,10,0.6,False,3334562.0,pending,,,,,
2026-09-29,,Jiayi Wang,Zhuoxuan Bai,Jiayi Wang,Zhuoxuan Bai,4.2,ATP/WTA,5.5,1.35,0.69,0.741,-0.069,17,0.824,False,3335142.0,pending,,,,,
2026-09-29,,Adam Walton,Alexandr Binda,Alexandr Binda,Adam Walton,8.2,Challenger/125,5.5,1.46,0.436,0.685,-0.364,19,1.0,False,3335296.0,pending,,,,,
2026-09-29,,Mattia Bellucci,Keisuke Saitoh,Keisuke Saitoh,Mattia Bellucci,7.9,Challenger/125,5.5,1.63,0.436,0.613,-0.29,10,0.8,False,3335294.0,pending,,,,,
2026-09-29,,Michael Zheng,Yaojie Zeng,Yaojie Zeng,Michael Zheng,19.0,Challenger/125,3.5,1.3,0.686,0.769,-0.109,14,1.0,False,3334632.0,pending,,,,,
2026-09-29,,Michael Zheng,Yaojie Zeng,Yaojie Zeng,Michael Zheng,19.0,Challenger/125,4.5,1.58,0.554,0.633,-0.125,14,1.0,False,3334632.0,pending,,,,,
2026-09-29,,Michael Zheng,Yaojie Zeng,Yaojie Zeng,Michael Zheng,19.0,Challenger/125,5.5,2.02,0.436,0.495,-0.12,14,1.0,False,3334632.0,pending,,,,,
2026-09-29,,Viktoria Morvayova,Sara Sorribes Tormo,Viktoria Morvayova,Sara Sorribes Tormo,4.35,Challenger/125,5.5,1.4,0.726,0.714,0.016,19,0.895,True,3334212.0,pending,,,,,
2026-09-29,,Kyoka Okamura,Ru Xi Wu,Ru Xi Wu,Kyoka Okamura,4.6,Challenger/125,5.5,1.42,0.726,0.704,0.031,6,1.0,True,3334216.0,pending,,,,,
2026-09-29,,Jessica Bouzas Maneiro,Fangran Tian,Fangran Tian,Jessica Bouzas Maneiro,4.9,Challenger/125,5.5,1.46,0.692,0.685,0.011,12,0.833,False,3334204.0,pending,,,,,
2026-09-29,,Kristina Mladenovic,Sofia Costoulas,Kristina Mladenovic,Sofia Costoulas,4.9,Challenger/125,5.5,1.47,0.726,0.68,0.067,7,1.0,True,3334208.0,pending,,,,,
2026-09-29,,Alexandra Shubladze,Rina Saigo,Rina Saigo,Alexandra Shubladze,9.7,Challenger/125,3.5,1.3,0.686,0.769,-0.109,19,0.947,False,3334222.0,pending,,,,,
2026-09-29,,Alexandra Shubladze,Rina Saigo,Rina Saigo,Alexandra Shubladze,9.7,Challenger/125,4.5,1.56,0.554,0.641,-0.136,19,0.947,False,3334222.0,pending,,,,,
2026-09-29,,Alexandra Shubladze,Rina Saigo,Rina Saigo,Alexandra Shubladze,9.7,Challenger/125,5.5,1.92,0.436,0.521,-0.164,19,0.947,False,3334222.0,pending,,,,,
2026-09-29,,Lola Radivojevic,Melisa Ercan,Melisa Ercan,Lola Radivojevic,4.4,Challenger/125,5.5,1.41,0.692,0.709,-0.024,5,0.8,False,3334528.0,pending,,,,,
2026-09-29,,Carole Monnet,Cagla Buyukakcay,Cagla Buyukakcay,Carole Monnet,4.0,Challenger/125,5.5,1.37,0.726,0.73,-0.006,14,0.929,True,3334530.0,pending,,,,,
2026-09-29,,Nicola Rispoli,Federico Valle,Federico Valle,Nicola Rispoli,6.7,ITF,4.5,1.41,0.649,0.709,-0.085,15,0.867,False,3335722.0,pending,,,,,
2026-09-29,,Nicola Rispoli,Federico Valle,Federico Valle,Nicola Rispoli,6.7,ITF,5.5,1.7,0.528,0.588,-0.102,15,0.867,False,3335722.0,pending,,,,,
2026-09-29,,Jumpei Yamasaki,Max Purcell,Jumpei Yamasaki,Max Purcell,6.8,ITF,5.5,1.63,0.528,0.613,-0.139,7,1.0,False,3335338.0,pending,,,,,
2026-09-29,,Ryuki Matsuda,Zichen Shao,Zichen Shao,Ryuki Matsuda,5.15,ITF,5.5,1.45,0.528,0.69,-0.234,1,1.0,False,3335326.0,pending,,,,,
2026-09-29,,Manuel Plunger,Cem Kucukhuseyin,Cem Kucukhuseyin,Manuel Plunger,8.2,ITF,4.5,1.51,0.46,0.662,-0.305,11,0.909,False,3336074.0,pending,,,,,
2026-09-29,,Manuel Plunger,Cem Kucukhuseyin,Cem Kucukhuseyin,Manuel Plunger,8.2,ITF,5.5,1.92,0.345,0.521,-0.337,11,0.909,False,3336074.0,pending,,,,,
2026-09-29,,Yshai Oliel,Courtney John Lock,Courtney John Lock,Yshai Oliel,11.0,ITF,3.5,1.4,0.602,0.714,-0.158,4,0.75,False,3336090.0,pending,,,,,
2026-09-29,,Yshai Oliel,Courtney John Lock,Courtney John Lock,Yshai Oliel,11.0,ITF,4.5,1.68,0.46,0.595,-0.227,4,0.75,False,3336090.0,pending,,,,,
2026-09-29,,Yshai Oliel,Courtney John Lock,Courtney John Lock,Yshai Oliel,11.0,ITF,5.5,2.17,0.345,0.461,-0.25,4,0.75,False,3336090.0,pending,,,,,
2026-09-29,,Alexander Ritschard,Iannis Miletich,Iannis Miletich,Alexander Ritschard,5.75,ITF,5.5,1.55,0.528,0.645,-0.182,17,0.882,False,3335760.0,pending,,,,,
2026-09-29,,Filip Cristian Jianu,Mihai Razvan Marinescu,Mihai Razvan Marinescu,Filip Cristian Jianu,8.3,ITF,4.5,1.55,0.46,0.645,-0.287,12,0.75,False,3335670.0,pending,,,,,
2026-09-29,,Filip Cristian Jianu,Mihai Razvan Marinescu,Mihai Razvan Marinescu,Filip Cristian Jianu,8.3,ITF,5.5,1.97,0.345,0.508,-0.319,12,0.75,False,3335670.0,pending,,,,,
2026-09-29,,Vladislav Melnic,Luca Stefan Prunescu Nita,Luca Stefan Prunescu Nita,Vladislav Melnic,6.1,ITF,5.5,1.63,0.528,0.613,-0.139,5,0.6,False,3335698.0,pending,,,,,
2026-09-29,,Oscar Brown,Pavel Skvortcov,Pavel Skvortcov,Oscar Brown,6.6,ITF,5.5,1.57,0.528,0.637,-0.171,3,1.0,False,3335592.0,pending,,,,,
2026-09-29,,Maria Andrienko,Felitsata Dorofeeva-Rybas,Maria Andrienko,Felitsata Dorofeeva-Rybas,5.75,ITF,5.5,1.61,0.528,0.621,-0.15,14,0.929,False,3335828.0,pending,,,,,
2026-09-29,,Maria Malina Rosca,Sapfo Sakellaridi,Maria Malina Rosca,Sapfo Sakellaridi,18.0,ITF,3.5,1.6,0.602,0.625,-0.037,6,0.5,False,3335852.0,pending,,,,,
2026-09-29,,Maria Malina Rosca,Sapfo Sakellaridi,Maria Malina Rosca,Sapfo Sakellaridi,18.0,ITF,4.5,2.05,0.46,0.488,-0.057,6,0.5,False,3335852.0,pending,,,,,
2026-09-29,,Maria Malina Rosca,Sapfo Sakellaridi,Maria Malina Rosca,Sapfo Sakellaridi,18.0,ITF,5.5,2.72,0.345,0.368,-0.06,6,0.5,False,3335852.0,pending,,,,,
2026-09-29,,Beatris Spasova,Maayan Laron,Beatris Spasova,Maayan Laron,5.35,ITF,5.5,1.56,0.528,0.641,-0.176,9,0.667,False,3335840.0,pending,,,,,
2026-09-29,,Giulia Safina Popa,Iulia Maria Buculei,Iulia Maria Buculei,Giulia Safina Popa,5.1,ITF,5.5,1.51,0.528,0.662,-0.203,7,0.714,False,3335838.0,pending,,,,,
2026-09-29,,Linda Klimovicova,Berta Bonardi,Berta Bonardi,Linda Klimovicova,20.0,ITF,2.5,1.33,0.737,0.752,-0.02,17,0.824,False,3336172.0,pending,,,,,
2026-09-29,,Linda Klimovicova,Berta Bonardi,Berta Bonardi,Linda Klimovicova,20.0,ITF,3.5,1.68,0.602,0.595,0.011,17,0.824,False,3336172.0,pending,,,,,
2026-09-29,,Linda Klimovicova,Berta Bonardi,Berta Bonardi,Linda Klimovicova,20.0,ITF,4.5,2.22,0.46,0.45,0.021,17,0.824,False,3336172.0,pending,,,,,
2026-09-29,,Kylie Collins,Ivana Sebestova,Ivana Sebestova,Kylie Collins,8.2,ITF,4.5,1.56,0.46,0.641,-0.282,7,0.714,False,3336182.0,pending,,,,,
2026-09-29,,Kylie Collins,Ivana Sebestova,Ivana Sebestova,Kylie Collins,8.2,ITF,5.5,1.92,0.345,0.521,-0.337,7,0.714,False,3336182.0,pending,,,,,
2026-09-29,,Paula Ortega Redondo,Margaux Rouvroy,Paula Ortega Redondo,Margaux Rouvroy,16.0,ITF,3.5,1.55,0.602,0.645,-0.067,15,0.8,False,3336190.0,pending,,,,,
2026-09-29,,Paula Ortega Redondo,Margaux Rouvroy,Paula Ortega Redondo,Margaux Rouvroy,16.0,ITF,4.5,1.97,0.46,0.508,-0.094,15,0.8,False,3336190.0,pending,,,,,
2026-09-29,,Paula Ortega Redondo,Margaux Rouvroy,Paula Ortega Redondo,Margaux Rouvroy,16.0,ITF,5.5,2.6,0.345,0.385,-0.102,15,0.8,False,3336190.0,pending,,,,,
2026-09-29,,Katherine Sebov,Alize Lim,Alize Lim,Katherine Sebov,5.0,ITF,5.5,1.52,0.528,0.658,-0.197,2,1.0,False,3336188.0,pending,,,,,
2026-09-29,,Leyla Fiorella Britez Risso,Justina Lassaga,Justina Lassaga,Leyla Fiorella Britez Risso,20.0,ITF,2.5,1.38,0.737,0.725,0.017,1,0.0,False,3334938.0,pending,,,,,
2026-09-29,,Leyla Fiorella Britez Risso,Justina Lassaga,Justina Lassaga,Leyla Fiorella Britez Risso,20.0,ITF,3.5,1.78,0.602,0.562,0.071,1,0.0,False,3334938.0,pending,,,,,
2026-09-29,,Leyla Fiorella Britez Risso,Justina Lassaga,Justina Lassaga,Leyla Fiorella Britez Risso,20.0,ITF,4.5,2.4,0.46,0.417,0.104,1,0.0,False,3334938.0,pending,,,,,
2026-09-29,,Agustina Daniela Duarte,Lourdes Ayala,Agustina Daniela Duarte,Lourdes Ayala,6.2,ITF,5.5,1.67,0.528,0.599,-0.118,6,1.0,False,3334934.0,pending,,,,,
2026-09-29,,Alexia Trasca,Astrid Cirotte,Alexia Trasca,Astrid Cirotte,15.0,ITF,3.5,1.5,0.602,0.667,-0.097,14,0.786,False,3335798.0,pending,,,,,
2026-09-29,,Alexia Trasca,Astrid Cirotte,Alexia Trasca,Astrid Cirotte,15.0,ITF,4.5,1.92,0.46,0.521,-0.117,14,0.786,False,3335798.0,pending,,,,,
2026-09-29,,Alexia Trasca,Astrid Cirotte,Alexia Trasca,Astrid Cirotte,15.0,ITF,5.5,2.47,0.345,0.405,-0.147,14,0.786,False,3335798.0,pending,,,,,
2026-09-29,,Niehua Tian,Yanan Hou,Niehua Tian,Yanan Hou,5.45,ITF,5.5,1.58,0.528,0.633,-0.166,9,0.556,False,3335360.0,pending,,,,,
2026-09-29,,Ha Eum Lee,Xiaowei Li,Xiaowei Li,Ha Eum Lee,9.9,ITF,4.5,1.65,0.46,0.606,-0.241,18,0.667,False,3335358.0,pending,,,,,
2026-09-29,,Ha Eum Lee,Xiaowei Li,Xiaowei Li,Ha Eum Lee,9.9,ITF,5.5,2.07,0.345,0.483,-0.285,18,0.667,False,3335358.0,pending,,,,,
2026-09-29,,Yuzuha Negishi,Meng-Yi Chen,Yuzuha Negishi,Meng-Yi Chen,6.1,ITF,5.5,1.66,0.528,0.602,-0.124,17,0.941,False,3335364.0,pending,,,,,
2026-09-29,,Stefan Menichella,Kenta Kawada,Kenta Kawada,Stefan Menichella,6.4,ITF,5.5,1.7,0.528,0.588,-0.102,11,0.636,False,3334562.0,pending,,,,,
2026-09-30,,Daria Snigur,Katarzyna Kawa,Katarzyna Kawa,Daria Snigur,5.9,ATP/WTA,4.5,1.34,0.785,0.746,0.052,16,0.812,False,3336644.0,pending,,,,,
2026-09-30,,Daria Snigur,Katarzyna Kawa,Katarzyna Kawa,Daria Snigur,5.9,ATP/WTA,5.5,1.58,0.684,0.633,0.081,16,0.812,False,3336644.0,pending,,,,,
2026-09-30,,Gianluca Cadenasso,Lorenzo Angelini,Lorenzo Angelini,Gianluca Cadenasso,4.45,Challenger/125,5.5,1.4,0.726,0.714,0.016,16,0.875,True,3336608.0,pending,,,,,
2026-09-30,,Bruno Fernandez,Lautaro Midon,Bruno Fernandez,Lautaro Midon,5.1,Challenger/125,5.5,1.38,0.726,0.725,0.002,18,0.889,True,3337016.0,pending,,,,,
2026-09-30,,Chenting Zhu,Emerson Jones,Chenting Zhu,Emerson Jones,5.1,Challenger/125,4.5,1.28,0.812,0.781,0.039,14,1.0,True,3335464.0,pending,,,,,
2026-09-30,,Chenting Zhu,Emerson Jones,Chenting Zhu,Emerson Jones,5.1,Challenger/125,5.5,1.51,0.726,0.662,0.096,14,1.0,True,3335464.0,pending,,,,,
2026-09-30,,Alexandra Shubladze,Jia Jing Lu,Jia Jing Lu,Alexandra Shubladze,4.25,Challenger/125,5.5,1.42,0.726,0.704,0.031,19,0.947,True,3336510.0,pending,,,,,
2026-09-30,,Wushuang Zheng,Sara Sorribes Tormo,Wushuang Zheng,Sara Sorribes Tormo,4.4,Challenger/125,5.5,1.43,0.726,0.699,0.038,16,0.938,True,3336522.0,pending,,,,,
2026-09-30,,Viktoria Hruncakova,Anna Blinkova,Viktoria Hruncakova,Anna Blinkova,4.45,Challenger/125,5.5,1.4,0.726,0.714,0.016,16,0.875,True,3335870.0,pending,,,,,
2026-09-30,,Leolia Jeanjean,Melisa Ercan,Melisa Ercan,Leolia Jeanjean,5.5,Challenger/125,4.5,1.32,0.747,0.758,-0.014,5,0.8,False,3336772.0,pending,,,,,
2026-09-30,,Leolia Jeanjean,Melisa Ercan,Melisa Ercan,Leolia Jeanjean,5.5,Challenger/125,5.5,1.57,0.649,0.637,0.02,5,0.8,False,3336772.0,pending,,,,,
2026-09-30,,Cagla Buyukakcay,Lucrezia Stefanini,Cagla Buyukakcay,Lucrezia Stefanini,4.75,Challenger/125,5.5,1.47,0.726,0.68,0.067,14,0.929,True,3337018.0,pending,,,,,
2026-09-30,,Nino Ehrenschneider,Tomohiro Masabayashi,Tomohiro Masabayashi,Nino Ehrenschneider,6.9,ITF,4.5,1.39,0.649,0.719,-0.098,17,0.824,False,3335322.0,pending,,,,,
2026-09-30,,Nino Ehrenschneider,Tomohiro Masabayashi,Tomohiro Masabayashi,Nino Ehrenschneider,6.9,ITF,5.5,1.7,0.528,0.588,-0.102,17,0.824,False,3335322.0,pending,,,,,
2026-09-30,,Zihao Liu,Yuquan Jin,Zihao Liu,Yuquan Jin,6.8,ITF,5.5,1.68,0.528,0.595,-0.113,0,,False,3335324.0,pending,,,,,
2026-09-30,,Zhao Zhao,Max Purcell,Zhao Zhao,Max Purcell,11.0,ITF,4.5,1.6,0.46,0.625,-0.264,9,1.0,False,3336664.0,pending,,,,,
2026-09-30,,Zhao Zhao,Max Purcell,Zhao Zhao,Max Purcell,11.0,ITF,5.5,1.92,0.345,0.521,-0.337,9,1.0,False,3336664.0,pending,,,,,
2026-09-30,,Philip Sekulic,Stefan Storch,Stefan Storch,Philip Sekulic,8.5,ITF,4.5,1.44,0.46,0.694,-0.338,18,0.889,False,3336788.0,pending,,,,,
2026-09-30,,Philip Sekulic,Stefan Storch,Stefan Storch,Philip Sekulic,8.5,ITF,5.5,1.7,0.345,0.588,-0.413,18,0.889,False,3336788.0,pending,,,,,
2026-09-30,,Roberto Perez Socas,Sander Jong,Roberto Perez Socas,Sander Jong,8.3,ITF,4.5,1.5,0.46,0.667,-0.31,6,0.5,False,3335754.0,pending,,,,,
2026-09-30,,Roberto Perez Socas,Sander Jong,Roberto Perez Socas,Sander Jong,8.3,ITF,5.5,1.75,0.345,0.571,-0.395,6,0.5,False,3335754.0,pending,,,,,
2026-09-30,,Oliver Bonding,Matthew Thomson,Matthew Thomson,Oliver Bonding,5.3,ITF,5.5,1.47,0.528,0.68,-0.224,4,1.0,False,3336060.0,pending,,,,,
2026-09-30,,Filip Jeff Planinsek,A.Mateo Berge Nourescu,A.Mateo Berge Nourescu,Filip Jeff Planinsek,8.7,ITF,4.5,1.52,0.46,0.658,-0.301,8,0.75,False,3335694.0,pending,,,,,
2026-09-30,,Filip Jeff Planinsek,A.Mateo Berge Nourescu,A.Mateo Berge Nourescu,Filip Jeff Planinsek,8.7,ITF,5.5,1.9,0.345,0.526,-0.344,8,0.75,False,3335694.0,pending,,,,,
2026-09-30,,Filip Cristian Jianu,Matei Todoran,Matei Todoran,Filip Cristian Jianu,8.7,ITF,4.5,1.52,0.46,0.658,-0.301,2,1.0,False,3336810.0,pending,,,,,
2026-09-30,,Filip Cristian Jianu,Matei Todoran,Matei Todoran,Filip Cristian Jianu,8.7,ITF,5.5,1.8,0.345,0.556,-0.378,2,1.0,False,3336810.0,pending,,,,,
2026-09-30,,Millen Hurrion,Jordan Hasson,Jordan Hasson,Millen Hurrion,5.3,ITF,5.5,1.51,0.528,0.662,-0.203,11,0.818,False,3336758.0,pending,,,,,
2026-09-30,,Tamerlan Azizov,Kerem Yilmaz,Tamerlan Azizov,Kerem Yilmaz,7.4,ITF,4.5,1.44,0.46,0.694,-0.338,4,0.75,False,3336754.0,pending,,,,,
2026-09-30,,Tamerlan Azizov,Kerem Yilmaz,Tamerlan Azizov,Kerem Yilmaz,7.4,ITF,5.5,1.74,0.345,0.575,-0.399,4,0.75,False,3336754.0,pending,,,,,
2026-09-30,,Kanon Sawashiro,Olga Danilova,Olga Danilova,Kanon Sawashiro,5.35,ITF,5.5,1.56,0.528,0.641,-0.176,13,0.769,False,3335400.0,pending,,,,,
2026-09-30,,Tessa Johanna Brockmann,Demi Tran,Demi Tran,Tessa Johanna Brockmann,7.7,ITF,4.5,1.47,0.46,0.68,-0.324,16,0.812,False,3336206.0,pending,,,,,
2026-09-30,,Tessa Johanna Brockmann,Demi Tran,Demi Tran,Tessa Johanna Brockmann,7.7,ITF,5.5,1.77,0.345,0.565,-0.388,16,0.812,False,3336206.0,pending,,,,,
2026-09-30,,Evita Ramirez,Diana Martynov,Evita Ramirez,Diana Martynov,6.9,ITF,4.5,1.44,0.649,0.694,-0.066,5,0.8,False,3336904.0,pending,,,,,
2026-09-30,,Evita Ramirez,Diana Martynov,Evita Ramirez,Diana Martynov,6.9,ITF,5.5,1.73,0.528,0.578,-0.087,5,0.8,False,3336904.0,pending,,,,,
2026-09-30,,Alina Nesmianovych,Gina Marie Dittmann,Alina Nesmianovych,Gina Marie Dittmann,6.1,ITF,5.5,1.66,0.528,0.602,-0.124,8,0.875,False,3336900.0,pending,,,,,
2026-09-30,,Rada Koleva,Viktoria Veleva,Rada Koleva,Viktoria Veleva,7.4,ITF,4.5,1.51,0.46,0.662,-0.305,1,1.0,False,3335834.0,pending,,,,,
2026-09-30,,Rada Koleva,Viktoria Veleva,Rada Koleva,Viktoria Veleva,7.4,ITF,5.5,1.83,0.345,0.546,-0.368,1,1.0,False,3335834.0,pending,,,,,
2026-09-30,,Carolina Gasparini,Daria Maria Tudor,Daria Maria Tudor,Carolina Gasparini,8.2,ITF,4.5,1.56,0.46,0.641,-0.282,1,0.0,False,3335850.0,pending,,,,,
2026-09-30,,Carolina Gasparini,Daria Maria Tudor,Daria Maria Tudor,Carolina Gasparini,8.2,ITF,5.5,1.92,0.345,0.521,-0.337,1,0.0,False,3335850.0,pending,,,,,
2026-09-30,,Tara Wuerth,Nicole Gadient,Nicole Gadient,Tara Wuerth,12.0,ITF,3.5,1.44,0.602,0.694,-0.134,0,,False,,pending,,,,,
2026-09-30,,Tara Wuerth,Nicole Gadient,Nicole Gadient,Tara Wuerth,12.0,ITF,4.5,1.77,0.46,0.565,-0.186,0,,False,,pending,,,,,
2026-09-30,,Tara Wuerth,Nicole Gadient,Nicole Gadient,Tara Wuerth,12.0,ITF,5.5,2.27,0.345,0.441,-0.216,0,,False,,pending,,,,,
2026-09-30,,Carmen Lopez Martinez,Charo Esquiva Banuls,Carmen Lopez Martinez,Charo Esquiva Banuls,6.3,ITF,5.5,1.68,0.528,0.595,-0.113,9,0.667,False,3336742.0,pending,,,,,
2026-09-30,,Lisa Pigato,Jasmijn Gimbrere,Jasmijn Gimbrere,Lisa Pigato,13.0,ITF,3.5,1.46,0.602,0.685,-0.122,15,0.867,False,3336164.0,pending,,,,,
2026-09-30,,Lisa Pigato,Jasmijn Gimbrere,Jasmijn Gimbrere,Lisa Pigato,13.0,ITF,4.5,1.82,0.46,0.549,-0.163,15,0.867,False,3336164.0,pending,,,,,
2026-09-30,,Lisa Pigato,Jasmijn Gimbrere,Jasmijn Gimbrere,Lisa Pigato,13.0,ITF,5.5,2.32,0.345,0.431,-0.198,15,0.867,False,3336164.0,pending,,,,,
2026-09-30,,Luciana Moyano,Melina Maria Maruca,Melina Maria Maruca,Luciana Moyano,18.0,ITF,2.5,1.32,0.737,0.758,-0.028,7,0.714,False,3334936.0,pending,,,,,
2026-09-30,,Luciana Moyano,Melina Maria Maruca,Melina Maria Maruca,Luciana Moyano,18.0,ITF,3.5,1.67,0.602,0.599,0.005,7,0.714,False,3334936.0,pending,,,,,
2026-09-30,,Luciana Moyano,Melina Maria Maruca,Melina Maria Maruca,Luciana Moyano,18.0,ITF,4.5,2.2,0.46,0.455,0.012,7,0.714,False,3334936.0,pending,,,,,
2026-09-30,,Tania Sfilio,Marina Bulbarella,Tania Sfilio,Marina Bulbarella,6.5,ITF,4.5,1.43,0.649,0.699,-0.072,6,0.667,False,3336436.0,pending,,,,,
2026-09-30,,Tania Sfilio,Marina Bulbarella,Tania Sfilio,Marina Bulbarella,6.5,ITF,5.5,1.7,0.528,0.588,-0.102,6,0.667,False,3336436.0,pending,,,,,
2026-09-30,,Zoe Doldan,Luna Maria Cinalli,Zoe Doldan,Luna Maria Cinalli,11.0,ITF,2.5,1.3,0.737,0.769,-0.042,4,1.0,False,3336438.0,pending,,,,,
2026-09-30,,Zoe Doldan,Luna Maria Cinalli,Zoe Doldan,Luna Maria Cinalli,11.0,ITF,3.5,1.64,0.602,0.61,-0.013,4,1.0,False,3336438.0,pending,,,,,
2026-09-30,,Zoe Doldan,Luna Maria Cinalli,Zoe Doldan,Luna Maria Cinalli,11.0,ITF,4.5,2.12,0.46,0.472,-0.025,4,1.0,False,3336438.0,pending,,,,,
2026-09-30,,Stefan Menichella,Kenta Kawada,Kenta Kawada,Stefan Menichella,6.4,ITF,5.5,1.7,0.528,0.588,-0.102,11,0.636,False,3334562.0,pending,,,,,
